air_quality,moon_illumination
7.9,93
28.2,93
6.4,93
0.5,93
139.6,93
0.8,93
2.1,93
5.0,93
4.0,93
13.1,93
5.6,93
1.4,93
69.3,93
84.8,93
1.6,93
2.1,93
16.6,93
2.8,93
13.4,93
7.3,93
3.2,93
8.4,93
17.4,93
2.4,93
2.1,93
9.2,93
18.4,93
7.2,93
1.2,93
29.0,93
2.0,93
20.5,93
3.7,93
0.5,93
9.5,93
496.2,93
26.2,93
4.4,93
6.9,93
7.8,93
44.3,93
7.2,93
2.6,93
13.0,93
3.0,93
7.8,93
1.2,93
9.2,93
1.1,93
15.3,93
17.5,93
39.0,93
17.1,93
2.7,93
10.4,93
3.1,93
16.3,93
15.7,93
1.5,93
4.0,93
6.0,93
6.8,93
1.2,93
4.5,93
5.1,93
5.8,93
23.4,93
1.4,93
93.4,93
0.6,93
1.4,93
0.8,93
6.9,93
3.4,93
1.1,93
13.9,93
0.6,93
33.2,93
107.0,93
24.1,93
22.1,93
2.1,93
13.6,93
3.4,93
3.1,93
6.6,93
15.2,93
3.1,93
8.5,93
0.5,93
45.7,93
2.0,93
11.7,93
4.3,93
15.8,93
69.6,93
2.8,93
8.3,93
4.3,93
3.6,93
4.9,93
1.8,93
2.2,93
126.8,93
0.5,93
4.3,93
3.3,93
1.0,93
15.9,93
6.9,93
15.5,93
0.5,93
4.6,93
0.8,93
28.9,93
11.9,93
8.0,93
8.6,93
4.0,93
22.4,93
10.3,93
32.3,93
5.7,93
0.5,93
22.7,93
5.0,93
8.8,93
17.2,93
25.2,93
5.3,93
38.2,93
88.4,93
1.9,93
51.3,93
5.9,93
5.9,93
5.2,93
13.2,93
1.2,93
1.9,93
4.6,93
46.1,93
5.8,93
4.5,93
2.5,93
1.2,93
2.3,93
1.8,93
3.3,93
1.2,93
5.5,93
59.0,93
8.9,93
14.1,93
4.1,93
1.6,93
23.6,93
12.1,93
3.0,93
1.3,93
7.8,93
56.3,93
4.9,93
8.1,93
2.5,93
1.5,93
13.0,93
1.0,93
2.8,93
4.1,93
6.9,93
2.0,93
1.4,93
10.0,93
41.1,93
7.5,93
1.2,93
2.1,93
2.4,93
13.3,93
19.0,93
1.6,93
4.0,93
13.3,93
82.6,93
4.0,93
9.6,93
2.8,93
7.1,93
4.8,93
25.6,93
12.9,93
17.5,93
17.3,93
17.4,93
31.7,98
4.5,98
5.3,98
0.8,98
8.5,98
7.7,98
2.9,98
2.2,98
3.8,98
3.0,98
0.9,98
13.9,98
28.7,98
153.9,98
2.3,98
8.3,98
11.2,98
2.9,98
6.3,98
14.1,98
11.8,98
1.7,98
2.7,98
2.8,98
2.3,98
10.3,98
5.0,98
28.7,98
2.4,98
17.5,98
1.8,98
14.7,98
2.7,98
0.6,98
8.5,98
537.3,98
150.9,98
7.9,98
4.6,98
38.4,98
37.4,98
2.6,98
5.3,98
20.8,98
4.6,98
38.4,98
3.8,98
9.1,98
2.4,98
20.5,98
32.0,98
26.9,98
12.6,98
1.7,98
25.2,98
3.3,98
10.7,98
12.8,98
3.3,98
7.8,98
9.7,98
4.9,98
1.1,98
3.5,98
3.9,98
6.1,98
27.2,98
1.8,98
36.5,98
0.8,98
1.0,98
1.6,98
8.1,98
5.4,98
9.4,98
13.5,98
1.3,98
15.4,98
243.3,98
14.8,98
12.6,98
2.9,98
15.4,98
5.4,98
11.1,98
4.8,98
19.2,98
4.7,98
8.7,98
0.7,98
25.8,98
5.8,98
20.4,98
2.9,98
13.1,98
64.7,98
1.5,98
4.1,98
5.5,98
7.6,98
6.1,98
2.1,98
4.4,98
51.1,98
1.0,98
42.1,98
3.2,98
1.8,98
14.9,98
5.8,98
6.6,98
0.5,98
1.7,98
2.6,98
5.5,98
3.0,98
10.0,98
26.5,98
21.3,98
15.5,98
25.0,98
77.4,98
6.1,98
1.2,98
13.2,98
4.8,98
13.5,98
9.4,98
22.2,98
2.4,98
44.3,98
46.3,98
0.8,98
19.1,98
8.6,98
3.0,98
12.0,98
12.6,98
2.2,98
19.1,98
3.6,98
35.7,98
12.4,98
16.4,98
31.5,98
3.2,98
2.7,98
2.5,98
3.0,98
2.6,98
9.8,98
71.6,98
4.3,98
19.2,98
6.2,98
1.2,98
10.5,98
2.6,98
2.3,98
1.0,98
10.4,98
9.4,98
65.2,98
8.9,98
1.4,98
2.4,98
10.7,98
2.0,98
5.7,98
5.9,98
16.6,98
1.6,98
3.3,98
16.0,98
22.7,98
5.7,98
2.0,98
0.7,98
5.2,98
13.0,98
9.0,98
1.7,98
33.7,98
4.1,98
32.9,98
3.4,98
0.6,98
3.3,98
6.3,98
2.7,98
8.5,98
35.0,98
26.9,98
7.3,98
6.6,98
7.7,98
4.2,98
1.9,98
1.0,98
8.9,98
4.5,98
10.8,98
1.6,98
1.1,98
2.4,98
1.9,98
2.5,98
40.8,98
82.6,98
5.8,98
7.0,98
5.9,98
1.6,98
10.9,98
10.0,98
4.7,98
1.4,98
26.5,98
2.0,98
1.9,98
6.5,98
43.6,98
43.5,98
1.1,98
9.8,98
2.8,98
4.5,98
0.5,98
7.6,98
20.4,98
180.3,98
142.2,98
9.8,98
2.5,98
17.6,98
20.7,98
4.1,98
5.4,98
26.9,98
6.1,98
17.6,98
5.2,98
13.8,98
4.3,98
10.4,98
31.7,98
36.5,98
18.7,98
1.0,98
32.5,98
7.9,98
23.6,98
161.0,98
4.1,98
6.9,98
7.0,98
7.1,98
1.2,98
2.9,98
7.0,98
10.2,98
8.3,98
2.5,98
133.9,98
1.5,98
2.4,98
1.4,98
4.6,98
14.1,98
15.8,98
23.7,98
0.5,98
47.4,98
347.0,98
10.0,98
17.7,98
2.2,98
19.4,98
14.1,98
4.0,98
13.3,98
15.4,98
1.0,98
6.5,98
1.3,98
26.2,98
4.4,98
19.8,98
5.1,98
20.6,98
55.2,98
2.2,98
3.0,98
2.8,98
8.4,98
4.3,98
2.6,98
7.7,98
88.8,98
1.1,98
11.7,98
5.6,98
0.7,98
2.0,98
3.2,98
19.6,98
0.5,98
3.9,98
7.5,98
4.7,98
5.2,98
9.0,98
3.7,98
12.9,98
26.3,98
35.7,98
79.2,98
3.3,98
0.5,98
11.6,98
6.9,98
8.4,98
36.2,98
2.5,98
12.3,98
32.4,98
51.5,98
1.1,98
20.0,98
11.9,98
2.8,98
10.4,98
14.0,98
3.0,98
4.1,98
3.3,98
40.5,98
12.8,98
27.7,98
38.2,98
4.4,98
4.4,98
2.0,98
3.7,98
2.9,98
7.0,98
42.2,98
1.1,98
5.7,98
10.0,98
3.4,98
10.9,98
3.5,98
5.9,98
1.5,98
7.1,98
40.8,98
62.2,98
3.7,98
0.9,98
2.4,98
18.4,98
1.2,98
5.7,98
6.4,98
15.3,98
5.1,98
2.0,98
21.9,98
17.6,98
10.1,98
2.6,98
0.6,98
4.9,98
25.2,98
11.2,98
2.3,98
30.0,98
7.5,98
55.2,98
3.0,98
0.5,98
10.0,98
5.0,98
1.2,98
13.3,98
81.5,98
36.9,98
11.6,98
14.3,98
20.9,100
4.4,100
3.6,100
2.0,100
7.3,100
3.5,100
1.9,100
3.2,100
2.2,100
3.6,100
6.9,100
3.3,100
27.7,100
88.1,100
2.7,100
3.0,100
2.9,100
2.3,100
8.8,100
14.8,100
3.1,100
7.9,100
11.1,100
2.1,100
6.0,100
2.9,100
10.7,100
35.1,100
1.2,100
2.1,100
2.5,100
28.1,100
0.6,100
7.6,100
6.1,100
141.2,100
372.8,100
19.7,100
3.7,100
3.3,100
17.5,100
6.5,100
10.5,100
20.1,100
3.0,100
3.3,100
4.1,100
27.7,100
2.3,100
11.4,100
16.3,100
9.0,100
23.2,100
4.4,100
12.0,100
1.7,100
25.6,100
80.3,100
4.0,100
2.8,100
2.4,100
6.1,100
1.0,100
8.6,100
3.6,100
15.0,100
3.7,100
2.4,100
14.8,100
2.0,100
2.1,100
1.5,100
9.7,100
15.9,100
2.3,100
3.5,100
0.9,100
23.4,100
700.8,100
68.6,100
16.4,100
2.5,100
32.5,100
15.9,100
4.9,100
15.5,100
23.9,100
0.7,100
7.3,100
2.1,100
21.8,100
6.4,100
16.1,100
5.6,100
7.7,100
9.3,100
2.0,100
10.6,100
2.1,100
3.3,100
3.2,100
3.3,100
16.2,100
115.5,100
1.3,100
11.6,100
4.9,100
0.5,100
4.3,100
1.6,100
13.8,100
0.5,100
2.5,100
8.4,100
7.7,100
5.5,100
9.0,100
4.1,100
19.9,100
29.9,100
8.1,100
44.1,100
5.5,100
0.5,100
5.3,100
4.2,100
11.4,100
57.5,100
4.9,100
2.8,100
35.4,100
75.2,100
2.1,100
5.4,100
12.9,100
3.1,100
5.9,100
11.1,100
2.8,100
5.3,100
3.1,100
27.6,100
9.1,100
9.7,100
12.1,100
3.8,100
3.5,100
5.5,100
3.7,100
4.5,100
3.1,100
34.6,100
1.3,100
10.8,100
4.7,100
2.1,100
10.2,100
3.9,100
9.6,100
1.3,100
9.6,100
18.3,100
45.7,100
2.3,100
5.7,100
2.2,100
5.5,100
1.8,100
6.1,100
3.4,100
32.6,100
10.2,100
2.8,100
39.7,100
12.7,100
12.0,100
2.7,100
1.7,100
4.9,100
20.9,100
17.8,100
1.0,100
61.6,100
10.0,100
39.2,100
2.7,100
0.5,100
11.6,100
5.9,100
0.9,100
7.7,100
88.1,100
26.7,100
12.6,100
62.1,100
10.8,99
8.1,99
8.8,99
1.6,99
9.1,99
1.8,99
21.8,99
4.2,99
1.6,99
10.3,99
5.6,99
8.0,99
46.0,99
86.0,99
2.3,99
4.1,99
4.9,99
2.1,99
9.5,99
7.2,99
1.9,99
26.6,99
18.4,99
2.5,99
1.9,99
9.4,99
22.8,99
53.3,99
1.2,99
3.3,99
1.7,99
11.0,99
1.9,99
5.1,99
14.7,99
146.6,99
342.2,99
9.6,99
3.7,99
19.7,99
16.5,99
13.3,99
3.6,99
13.5,99
11.6,99
19.7,99
8.6,99
23.7,99
1.8,99
8.8,99
31.9,99
13.7,99
7.5,99
4.4,99
25.2,99
5.4,99
6.2,99
222.1,99
2.9,99
6.7,99
83.2,99
6.1,99
2.4,99
17.2,99
6.4,99
9.2,99
15.9,99
1.3,99
3.6,99
13.6,99
2.5,99
2.0,99
12.4,99
26.8,99
1.5,99
25.4,99
1.7,99
21.7,99
563.6,99
72.5,99
18.4,99
6.9,99
23.9,99
26.8,99
15.7,99
14.0,99
20.5,99
1.7,99
10.7,99
0.9,99
22.9,99
9.5,99
17.6,99
1.1,99
18.5,99
35.7,99
1.9,99
12.8,99
10.0,99
2.8,99
2.9,99
6.6,99
20.4,99
213.3,99
1.6,99
3.8,99
57.4,99
0.5,99
2.5,99
4.8,99
144.9,99
0.5,99
1.0,99
12.5,99
1.5,99
6.2,99
3.1,99
5.7,99
15.4,99
35.0,99
16.5,99
75.2,99
4.6,99
1.6,99
2.5,99
9.5,99
10.6,99
17.6,99
15.9,99
4.9,99
38.2,99
78.5,99
2.2,99
4.3,99
2.8,99
2.0,99
9.7,99
9.1,99
4.0,99
10.0,99
2.0,99
37.5,99
9.5,99
13.7,99
38.6,99
2.0,99
1.8,99
1.7,99
3.2,99
7.4,99
5.5,99
20.8,99
1.7,99
19.9,99
5.2,99
3.7,99
16.0,99
6.4,99
15.4,99
0.6,99
7.2,99
23.3,99
92.9,99
1.7,99
3.4,99
1.4,99
31.7,99
2.5,99
0.9,99
15.1,99
14.1,99
8.6,99
2.6,99
15.9,99
18.2,99
8.6,99
2.6,99
0.7,99
6.4,99
11.7,99
20.4,99
38.3,99
5.9,99
43.8,99
8.1,99
18.3,99
22.9,99
8.2,99
9.0,99
6.0,99
148.5,99
38.1,99
11.7,99
41.0,99
12.2,94
14.8,94
12.3,94
0.6,94
8.3,94
6.2,94
5.5,94
2.8,94
1.1,94
19.0,94
7.0,94
5.7,94
34.6,94
45.8,94
5.9,94
5.8,94
21.2,94
1.0,94
4.6,94
9.2,94
2.2,94
9.8,94
6.7,94
6.2,94
0.6,94
10.2,94
53.2,94
42.1,94
0.8,94
2.1,94
3.2,94
7.8,94
8.9,94
16.7,94
27.0,94
98.0,94
206.8,94
11.1,94
2.2,94
6.4,94
7.3,94
31.2,94
7.1,94
15.7,94
20.3,94
6.4,94
1.8,94
24.3,94
5.1,94
9.8,94
42.4,94
12.0,94
12.8,94
2.6,94
26.5,94
5.0,94
18.0,94
74.1,94
3.0,94
5.0,94
7.3,94
7.7,94
3.9,94
2.4,94
9.4,94
12.1,94
19.9,94
2.1,94
6.9,94
1.4,94
1.9,94
3.2,94
39.8,94
14.8,94
1.0,94
13.9,94
4.8,94
13.4,94
320.6,94
37.1,94
25.1,94
3.4,94
12.4,94
14.8,94
15.1,94
10.8,94
15.5,94
1.9,94
11.8,94
0.7,94
36.0,94
10.1,94
15.7,94
7.7,94
12.5,94
21.8,94
5.4,94
6.7,94
20.6,94
6.0,94
3.5,94
4.6,94
2.7,94
190.3,94
1.3,94
23.0,94
4.6,94
0.5,94
32.7,94
6.3,94
9.2,94
0.5,94
0.5,94
5.1,94
11.6,94
8.0,94
0.9,94
9.8,94
4.2,94
7.5,94
6.7,94
52.8,94
6.2,94
2.0,94
1.5,94
7.1,94
3.5,94
47.8,94
15.2,94
3.5,94
26.3,94
72.6,94
3.1,94
1.0,94
2.7,94
2.9,94
1.2,94
9.8,94
4.2,94
12.5,94
6.4,94
79.0,94
16.2,94
6.5,94
22.4,94
5.2,94
6.2,94
4.3,94
4.2,94
9.0,94
17.7,94
18.6,94
5.0,94
12.6,94
2.3,94
1.5,94
15.9,94
12.8,94
17.2,94
2.1,94
3.4,94
13.1,94
65.2,94
3.2,94
2.1,94
2.0,94
17.4,94
2.1,94
0.5,94
13.5,94
13.4,94
8.8,94
3.8,94
15.8,94
16.2,94
13.6,94
2.0,94
2.0,94
6.2,94
2.7,94
17.7,94
1.4,94
23.8,94
11.9,94
30.2,94
7.7,94
2.1,94
12.2,94
7.4,94
2.0,94
8.6,94
142.1,94
50.7,94
8.9,94
7.8,94
6.4,88
15.5,88
144.4,88
8.2,88
6.7,88
2.4,88
1.9,88
1.1,88
12.0,88
5.4,88
7.3,88
3.6,88
38.4,88
64.6,88
4.0,88
3.3,88
6.4,88
2.2,88
7.6,88
5.9,88
2.1,88
4.2,88
12.1,88
3.6,88
4.4,88
7.7,88
25.7,88
35.4,88
0.5,88
12.8,88
11.1,88
4.3,88
5.0,88
2.2,88
26.6,88
248.1,88
251.9,88
10.2,88
2.8,88
6.6,88
9.3,88
4.4,88
4.1,88
30.1,88
6.3,88
6.6,88
8.1,88
27.6,88
6.4,88
6.3,88
16.4,88
18.1,88
13.5,88
7.4,88
30.0,88
0.6,88
50.8,88
28.8,88
2.0,88
2.8,88
9.7,88
5.0,88
1.5,88
3.2,88
6.2,88
14.6,88
10.9,88
4.6,88
5.1,88
0.8,88
1.3,88
2.6,88
22.2,88
15.0,88
0.7,88
7.1,88
1.8,88
13.8,88
154.5,88
17.0,88
15.9,88
4.9,88
26.3,88
15.0,88
12.4,88
3.2,88
26.0,88
6.8,88
10.0,88
0.9,88
48.5,88
6.6,88
14.0,88
4.2,88
28.9,88
13.5,88
2.2,88
15.1,88
6.8,88
5.4,88
15.9,88
3.1,88
7.0,88
90.4,88
2.4,88
2.0,88
6.6,88
0.5,88
24.8,88
3.8,88
17.8,88
0.5,88
0.5,88
8.2,88
4.1,88
12.8,88
4.1,88
5.6,88
2.7,88
12.5,88
6.2,88
110.1,88
8.3,88
0.8,88
3.0,88
74.9,88
2.9,88
38.6,88
7.6,88
2.4,88
22.7,88
62.9,88
0.6,88
0.5,88
4.4,88
4.4,88
0.5,88
7.5,88
3.9,88
4.2,88
5.0,88
43.7,88
9.0,88
13.1,88
24.8,88
3.1,88
6.1,88
8.6,88
2.7,88
19.1,88
14.2,88
23.1,88
2.3,88
6.8,88
1.4,88
1.2,88
22.6,88
4.2,88
9.4,88
1.3,88
3.6,88
23.0,88
33.4,88
4.7,88
1.5,88
5.4,88
37.7,88
2.2,88
3.3,88
6.5,88
23.9,88
9.8,88
2.6,88
162.1,88
15.8,88
3.1,88
1.9,88
2.9,88
17.6,88
8.5,88
20.5,88
1.2,88
24.7,88
8.8,88
38.1,88
13.3,88
1.9,88
2.5,88
12.1,88
3.2,88
5.2,88
50.0,88
25.7,88
10.5,88
7.3,88
8.6,79
1.5,79
5.1,79
10.7,79
8.2,79
3.6,79
3.2,79
9.3,79
1.4,79
6.1,79
22.8,79
2.2,79
92.1,79
22.9,79
3.6,79
2.6,79
12.1,79
3.4,79
10.1,79
5.7,79
1.4,79
4.4,79
32.7,79
2.2,79
10.5,79
1.2,79
23.5,79
37.5,79
1.8,79
13.9,79
7.5,79
6.3,79
17.5,79
0.5,79
9.2,79
577.3,79
607.7,79
2.2,79
2.9,79
8.5,79
12.9,79
5.8,79
6.3,79
19.1,79
21.3,79
8.5,79
4.9,79
36.2,79
2.6,79
6.8,79
68.7,79
14.5,79
23.3,79
1.9,79
24.0,79
4.6,79
68.8,79
46.3,79
2.9,79
5.2,79
14.6,79
4.6,79
14.1,79
16.1,79
32.5,79
9.4,79
5.8,79
4.3,79
3.6,79
0.5,79
2.3,79
3.1,79
7.0,79
4.0,79
2.2,79
5.4,79
1.4,79
220.9,79
271.9,79
18.7,79
24.6,79
22.5,79
16.0,79
4.0,79
3.3,79
25.7,79
15.7,79
1.3,79
15.6,79
1.6,79
46.0,79
2.3,79
10.4,79
6.4,79
43.9,79
47.2,79
4.3,79
9.9,79
14.4,79
3.9,79
7.6,79
5.2,79
5.7,79
74.2,79
2.5,79
18.6,79
17.9,79
0.9,79
8.7,79
5.3,79
23.2,79
0.5,79
1.4,79
14.0,79
13.8,79
2.3,79
5.4,79
23.4,79
3.7,79
7.7,79
8.4,79
167.9,79
10.4,79
1.3,79
7.4,79
10.9,79
19.0,79
29.1,79
1.2,79
2.0,79
31.4,79
67.9,79
1.2,79
2.0,79
7.8,79
3.0,79
1.8,79
7.5,79
5.0,79
13.0,79
4.8,79
55.4,79
4.7,79
5.2,79
21.5,79
2.7,79
2.8,79
5.2,79
3.2,79
3.9,79
44.4,79
29.1,79
6.9,79
2.8,79
2.1,79
1.2,79
13.7,79
9.3,79
11.5,79
0.5,79
9.7,79
53.7,79
14.4,79
3.4,79
6.5,79
1.8,79
16.5,79
2.6,79
7.2,79
14.0,79
22.1,79
7.8,79
2.1,79
20.5,79
11.6,79
3.6,79
2.3,79
3.4,79
8.7,79
7.1,79
17.3,79
1.9,79
21.4,79
5.1,79
45.5,79
36.4,79
0.7,79
2.3,79
4.7,79
3.9,79
8.1,79
74.0,79
30.9,79
17.2,79
19.5,79
7.2,70
2.9,70
13.6,70
12.3,70
6.9,70
1.5,70
1.7,70
18.0,70
4.4,70
14.8,70
25.8,70
2.6,70
98.0,70
38.8,70
2.2,70
6.6,70
11.9,70
4.1,70
10.4,70
9.1,70
0.8,70
8.9,70
76.2,70
6.7,70
7.1,70
6.2,70
26.3,70
24.4,70
2.8,70
4.5,70
7.1,70
9.8,70
16.9,70
1.9,70
9.3,70
814.3,70
360.0,70
7.6,70
3.2,70
6.7,70
17.4,70
8.8,70
25.2,70
13.7,70
27.7,70
6.7,70
9.4,70
61.4,70
1.4,70
13.1,70
11.2,70
18.2,70
7.3,70
3.1,70
34.9,70
1.0,70
21.1,70
24.8,70
1.8,70
1.0,70
75.6,70
4.6,70
2.6,70
14.9,70
14.4,70
10.4,70
7.6,70
1.1,70
33.1,70
3.9,70
1.0,70
3.2,70
12.0,70
5.5,70
2.6,70
8.3,70
2.0,70
110.7,70
467.0,70
49.7,70
27.5,70
25.8,70
19.6,70
5.5,70
6.2,70
65.8,70
16.6,70
5.2,70
31.3,70
4.0,70
49.4,70
7.9,70
7.7,70
9.3,70
13.0,70
7.7,70
6.1,70
5.2,70
18.7,70
7.5,70
9.1,70
5.9,70
7.6,70
81.3,70
1.0,70
11.8,70
11.6,70
2.8,70
6.8,70
3.9,70
11.5,70
0.5,70
0.8,70
18.2,70
37.6,70
4.4,70
2.6,70
12.0,70
2.1,70
10.0,70
6.3,70
200.8,70
14.9,70
2.2,70
4.0,70
4.6,70
9.5,70
14.2,70
5.0,70
0.7,70
37.8,70
79.4,70
0.6,70
0.7,70
15.7,70
3.3,70
4.8,70
4.1,70
10.2,70
13.3,70
8.7,70
204.7,70
6.2,70
3.9,70
25.0,70
1.8,70
1.5,70
2.5,70
2.3,70
4.1,70
12.8,70
36.5,70
4.4,70
7.2,70
5.0,70
11.4,70
37.1,70
9.3,70
12.2,70
0.7,70
9.6,70
60.1,70
18.7,70
4.5,70
16.8,70
2.1,70
27.6,70
2.6,70
1.4,70
19.4,70
19.1,70
8.6,70
2.7,70
20.6,70
13.7,70
5.8,70
1.3,70
1.5,70
7.4,70
25.9,70
11.0,70
2.3,70
11.2,70
4.7,70
33.3,70
21.2,70
2.0,70
3.8,70
11.3,70
7.1,70
4.6,70
30.5,70
40.8,70
19.7,70
11.1,70
11.7,60
3.7,60
7.0,60
5.4,60
9.7,60
1.3,60
1.2,60
15.4,60
2.7,60
10.0,60
18.1,60
1.8,60
44.4,60
10.1,60
2.6,60
1.9,60
21.5,60
1.8,60
7.8,60
10.3,60
0.8,60
8.1,60
5.6,60
10.8,60
1.5,60
7.2,60
29.0,60
42.3,60
5.4,60
3.6,60
4.6,60
54.5,60
7.1,60
18.9,60
20.7,60
65.1,60
376.7,60
6.9,60
3.8,60
5.3,60
13.8,60
7.4,60
4.4,60
14.5,60
20.0,60
5.3,60
5.3,60
66.2,60
1.5,60
13.2,60
17.9,60
17.5,60
28.3,60
3.3,60
18.8,60
0.6,60
11.5,60
34.6,60
1.6,60
1.6,60
21.9,60
4.5,60
1.6,60
1.5,60
19.5,60
8.6,60
5.3,60
0.8,60
27.6,60
3.6,60
2.3,60
2.2,60
15.5,60
11.6,60
1.8,60
12.4,60
0.8,60
410.9,60
895.1,60
40.4,60
37.8,60
6.8,60
10.2,60
11.6,60
14.5,60
14.9,60
11.5,60
4.2,60
59.4,60
5.7,60
40.6,60
6.5,60
11.9,60
3.7,60
9.9,60
9.7,60
5.6,60
5.9,60
29.7,60
2.0,60
13.6,60
12.8,60
11.2,60
58.4,60
0.7,60
48.3,60
7.1,60
0.5,60
4.1,60
2.0,60
12.1,60
0.5,60
1.7,60
13.8,60
0.5,60
4.9,60
4.6,60
46.9,60
2.8,60
16.4,60
7.6,60
166.3,60
16.3,60
5.6,60
1.9,60
5.7,60
24.5,60
49.9,60
8.1,60
5.1,60
27.1,60
79.5,60
0.8,60
5.0,60
2.7,60
27.0,60
1.1,60
6.2,60
36.0,60
29.6,60
6.3,60
62.2,60
4.0,60
0.8,60
32.1,60
1.7,60
2.3,60
0.8,60
2.8,60
6.3,60
30.3,60
36.5,60
4.5,60
8.4,60
5.1,60
6.4,60
9.6,60
8.4,60
15.3,60
3.0,60
7.4,60
58.2,60
39.8,60
14.1,60
15.2,60
1.8,60
40.7,60
2.0,60
3.1,60
22.1,60
18.8,60
6.1,60
2.5,60
35.2,60
13.0,60
7.5,60
1.0,60
1.3,60
9.2,60
7.1,60
17.5,60
3.7,60
6.1,60
6.5,60
58.6,60
34.6,60
1.3,60
1.4,60
20.4,60
4.7,60
21.6,60
60.6,60
43.2,60
38.0,60
42.2,60
41.1,49
1.9,49
8.0,49
4.4,49
8.2,49
1.3,49
4.4,49
0.8,49
2.9,49
15.4,49
3.6,49
3.8,49
55.6,49
4.7,49
1.5,49
5.1,49
13.3,49
1.5,49
7.2,49
4.5,49
1.1,49
11.4,49
12.6,49
7.5,49
1.5,49
6.8,49
79.7,49
45.7,49
3.3,49
2.7,49
71.5,49
10.7,49
14.2,49
1.8,49
15.0,49
273.1,49
296.0,49
7.5,49
4.4,49
3.3,49
8.4,49
5.9,49
3.2,49
9.0,49
21.5,49
3.3,49
11.7,49
44.1,49
1.4,49
11.1,49
36.7,49
21.9,49
27.6,49
2.6,49
12.2,49
1.0,49
12.7,49
110.5,49
6.2,49
1.5,49
273.7,49
3.4,49
1.9,49
2.1,49
14.6,49
10.7,49
5.4,49
2.0,49
10.3,49
2.9,49
5.6,49
2.8,49
30.4,49
15.4,49
0.5,49
9.6,49
0.6,49
82.9,49
725.9,49
34.2,49
19.7,49
39.3,49
6.4,49
15.4,49
8.9,49
4.1,49
5.8,49
4.3,49
36.0,49
4.1,49
83.2,49
16.4,49
15.1,49
19.9,49
10.1,49
38.4,49
3.2,49
16.1,49
44.3,49
18.9,49
14.2,49
8.7,49
7.7,49
143.2,49
0.7,49
43.0,49
13.9,49
1.1,49
2.5,49
2.4,49
126.1,49
0.5,49
0.5,49
18.5,49
3.4,49
6.9,49
5.9,49
8.8,49
1.9,49
13.5,49
5.6,49
19.9,49
20.2,49
1.9,49
6.0,49
19.0,49
38.7,49
86.4,49
6.8,49
12.1,49
28.8,49
74.7,49
0.9,49
7.7,49
3.2,49
12.4,49
4.5,49
7.9,49
76.3,49
7.7,49
4.8,49
60.3,49
5.5,49
0.7,49
21.7,49
1.3,49
1.5,49
4.5,49
1.5,49
8.0,49
18.3,49
116.2,49
1.7,49
14.4,49
2.9,49
3.5,49
14.5,49
9.3,49
17.4,49
2.6,49
7.4,49
170.0,49
42.1,49
6.2,49
11.0,49
2.3,49
29.8,49
3.3,49
2.1,49
29.3,49
18.6,49
8.0,49
2.9,49
19.6,49
16.9,49
7.3,49
6.0,49
1.1,49
10.2,49
5.4,49
29.0,49
1.7,49
59.2,49
2.3,49
57.8,49
38.3,49
2.7,49
9.2,49
10.7,49
3.2,49
22.9,49
121.1,49
32.0,49
13.4,49
22.0,49
9.4,39
6.0,39
8.3,39
4.1,39
8.6,39
3.7,39
8.9,39
0.7,39
0.6,39
14.3,39
3.0,39
1.6,39
45.2,39
19.1,39
1.6,39
5.5,39
34.0,39
2.0,39
5.7,39
3.6,39
0.8,39
8.0,39
26.6,39
5.3,39
4.5,39
6.5,39
52.4,39
42.3,39
3.2,39
3.2,39
27.4,39
8.2,39
5.9,39
1.3,39
17.0,39
194.1,39
157.6,39
4.0,39
4.6,39
3.9,39
10.4,39
9.6,39
3.2,39
15.4,39
14.6,39
3.9,39
24.3,39
27.7,39
1.4,39
5.9,39
33.9,39
22.8,39
20.7,39
1.4,39
22.4,39
8.9,39
30.6,39
72.9,39
6.2,39
23.4,39
27.9,39
5.6,39
0.8,39
1.7,39
16.8,39
8.8,39
5.6,39
1.5,39
4.7,39
1.6,39
1.3,39
4.8,39
20.2,39
22.5,39
0.7,39
13.8,39
1.7,39
55.2,39
503.5,39
36.5,39
15.4,39
51.5,39
27.0,39
22.5,39
6.0,39
4.6,39
26.6,39
3.1,39
10.6,39
2.4,39
45.8,39
12.3,39
8.8,39
24.1,39
15.3,39
49.2,39
3.3,39
15.8,39
31.6,39
6.7,39
25.1,39
6.9,39
10.2,39
131.6,39
0.9,39
13.9,39
46.3,39
2.3,39
58.1,39
1.5,39
15.8,39
1.0,39
0.5,39
15.5,39
6.1,39
7.8,39
3.1,39
8.9,39
1.4,39
126.8,39
6.6,39
16.7,39
35.7,39
2.1,39
2.4,39
18.2,39
5.3,39
108.8,39
12.2,39
20.8,39
24.0,39
74.3,39
1.0,39
40.1,39
4.0,39
7.3,39
10.3,39
9.2,39
59.0,39
102.1,39
3.7,39
93.4,39
7.4,39
1.0,39
26.6,39
3.8,39
6.5,39
0.8,39
1.5,39
12.8,39
34.8,39
70.3,39
8.4,39
14.2,39
2.6,39
2.3,39
16.5,39
8.6,39
23.2,39
0.8,39
4.1,39
79.9,39
80.6,39
5.8,39
5.8,39
1.3,39
21.6,39
8.0,39
12.0,39
32.0,39
24.4,39
9.0,39
4.8,39
18.7,39
4.0,39
6.6,39
6.4,39
1.2,39
12.7,39
9.2,39
25.5,39
1.2,39
17.1,39
4.9,39
53.6,39
52.0,39
2.3,39
14.4,39
5.6,39
7.7,39
19.5,39
33.3,39
19.6,39
17.9,39
68.8,39
8.9,30
7.0,30
10.2,30
3.0,30
7.4,30
3.8,30
9.9,30
1.3,30
4.3,30
12.1,30
5.4,30
4.5,30
50.2,30
36.6,30
2.4,30
5.7,30
16.9,30
1.9,30
3.9,30
2.0,30
1.3,30
6.0,30
32.3,30
8.6,30
3.3,30
7.5,30
25.5,30
12.4,30
1.5,30
4.1,30
6.8,30
10.7,30
4.0,30
0.5,30
13.1,30
168.8,30
262.9,30
8.0,30
2.4,30
9.0,30
5.2,30
19.2,30
2.1,30
19.3,30
25.1,30
9.0,30
39.5,30
12.1,30
2.0,30
2.5,30
34.0,30
15.5,30
5.1,30
1.6,30
30.2,30
5.1,30
23.1,30
31.6,30
6.0,30
7.4,30
123.9,30
3.6,30
1.8,30
2.6,30
17.2,30
5.0,30
4.9,30
3.1,30
4.6,30
1.1,30
1.4,30
3.2,30
34.8,30
20.8,30
0.5,30
24.2,30
0.5,30
39.0,30
347.9,30
9.2,30
29.5,30
2.7,30
16.0,30
20.8,30
4.7,30
41.3,30
17.5,30
3.1,30
8.4,30
0.5,30
32.5,30
4.6,30
15.4,30
6.1,30
13.3,30
39.9,30
0.9,30
11.3,30
26.6,30
5.7,30
30.6,30
3.2,30
10.6,30
195.1,30
1.8,30
22.0,30
42.6,30
0.5,30
17.0,30
2.6,30
0.9,30
1.0,30
0.5,30
19.2,30
0.8,30
5.6,30
1.4,30
5.0,30
1.3,30
50.7,30
4.7,30
23.2,30
46.5,30
3.0,30
1.8,30
5.1,30
4.4,30
75.7,30
7.7,30
25.3,30
45.5,30
95.4,30
1.2,30
57.9,30
1.7,30
3.0,30
0.8,30
4.7,30
27.6,30
7.3,30
11.4,30
51.7,30
4.3,30
5.9,30
4.7,30
2.2,30
1.2,30
1.9,30
1.6,30
22.6,30
17.6,30
34.9,30
6.8,30
11.3,30
4.2,30
1.3,30
13.0,30
12.0,30
30.5,30
1.2,30
3.5,30
64.4,30
95.2,30
1.7,30
2.7,30
2.1,30
28.1,30
3.3,30
26.6,30
27.8,30
17.2,30
13.9,30
2.3,30
25.7,30
7.9,30
10.0,30
4.8,30
4.5,30
16.1,30
2.9,30
20.2,30
0.5,30
10.0,30
2.5,30
55.1,30
32.7,30
2.9,30
14.9,30
11.2,30
7.4,30
17.6,30
22.4,30
15.8,30
24.4,30
35.0,30
6.9,22
5.8,22
14.7,22
5.4,22
8.6,22
2.1,22
6.3,22
1.3,22
1.6,22
14.6,22
0.9,22
9.6,22
40.8,22
17.4,22
2.1,22
4.3,22
19.9,22
1.3,22
19.3,22
3.1,22
1.2,22
12.3,22
18.1,22
6.1,22
1.1,22
9.5,22
22.3,22
23.1,22
1.8,22
8.5,22
2.6,22
11.9,22
5.8,22
2.4,22
21.9,22
294.6,22
163.5,22
6.2,22
3.8,22
6.9,22
5.2,22
26.1,22
3.3,22
17.6,22
52.9,22
6.9,22
17.6,22
17.1,22
3.2,22
2.6,22
12.5,22
13.1,22
6.3,22
1.3,22
42.4,22
16.2,22
14.0,22
97.4,22
4.0,22
24.2,22
15.8,22
5.2,22
1.1,22
1.9,22
23.2,22
8.6,22
5.2,22
2.1,22
3.3,22
0.7,22
1.8,22
3.5,22
13.1,22
24.6,22
0.8,22
23.8,22
0.5,22
56.7,22
480.2,22
6.2,22
21.2,22
2.8,22
16.5,22
24.6,22
19.9,22
26.6,22
12.2,22
3.4,22
7.6,22
0.5,22
35.6,22
8.3,22
15.4,22
20.7,22
10.6,22
94.3,22
1.3,22
4.3,22
27.5,22
4.1,22
22.0,22
3.1,22
8.0,22
33.8,22
0.8,22
31.5,22
45.3,22
0.7,22
17.6,22
3.7,22
3.4,22
0.5,22
0.9,22
24.6,22
0.9,22
8.0,22
3.5,22
4.9,22
1.6,22
17.6,22
4.6,22
28.7,22
47.3,22
1.7,22
1.2,22
6.7,22
7.0,22
59.1,22
11.6,22
15.0,22
25.2,22
125.6,22
1.3,22
31.0,22
1.2,22
6.0,22
2.2,22
9.3,22
44.2,22
25.7,22
6.1,22
33.9,22
5.8,22
9.7,22
13.1,22
2.4,22
1.9,22
1.3,22
1.2,22
24.8,22
38.8,22
41.7,22
10.7,22
31.4,22
7.6,22
1.4,22
18.3,22
10.9,22
35.6,22
2.1,22
3.9,22
64.4,22
95.1,22
2.6,22
4.6,22
1.7,22
41.0,22
4.0,22
5.8,22
29.3,22
12.6,22
15.2,22
2.1,22
12.4,22
2.3,22
8.9,22
5.7,22
1.9,22
13.9,22
4.5,22
58.4,22
0.7,22
16.6,22
14.5,22
74.2,22
34.8,22
2.4,22
6.5,22
11.7,22
4.4,22
51.1,22
47.7,22
18.4,22
22.1,22
20.9,22
13.3,14
12.1,14
15.0,14
4.7,14
6.5,14
2.5,14
5.3,14
0.8,14
3.6,14
17.1,14
3.0,14
4.6,14
80.6,14
13.0,14
2.6,14
8.2,14
7.7,14
3.5,14
6.3,14
2.0,14
3.7,14
14.3,14
5.2,14
16.6,14
0.9,14
16.3,14
21.1,14
38.0,14
1.7,14
6.6,14
8.5,14
4.7,14
1.7,14
0.5,14
18.8,14
103.7,14
63.4,14
6.4,14
1.6,14
3.1,14
10.4,14
30.5,14
2.6,14
10.2,14
31.7,14
5.4,14
33.7,14
19.4,14
3.0,14
4.4,14
12.2,14
82.3,14
8.9,14
3.1,14
18.1,14
29.7,14
2.1,14
121.8,14
5.3,14
29.9,14
26.0,14
5.0,14
4.2,14
4.7,14
46.8,14
8.1,14
2.9,14
2.0,14
4.5,14
0.6,14
2.0,14
5.8,14
18.2,14
36.4,14
0.7,14
23.8,14
0.5,14
77.8,14
450.8,14
27.9,14
12.8,14
2.4,14
11.2,14
36.4,14
12.1,14
22.2,14
12.9,14
1.1,14
10.6,14
0.5,14
17.1,14
1.5,14
8.4,14
15.0,14
10.6,14
0.9,14
3.7,14
3.5,14
18.5,14
7.9,14
18.0,14
6.0,14
5.1,14
73.3,14
0.7,14
2.4,14
12.3,14
1.0,14
12.8,14
2.3,14
12.3,14
0.5,14
1.0,14
17.9,14
3.5,14
8.6,14
2.7,14
3.9,14
1.6,14
4.6,14
4.3,14
88.1,14
19.0,14
0.5,14
1.8,14
11.2,14
13.4,14
42.1,14
17.2,14
27.5,14
29.3,14
126.0,14
1.1,14
13.9,14
2.1,14
5.1,14
10.1,14
8.3,14
15.7,14
94.7,14
6.1,14
49.1,14
21.4,14
9.5,14
21.6,14
2.4,14
2.1,14
2.0,14
1.9,14
20.2,14
6.4,14
48.1,14
34.2,14
13.1,14
5.0,14
1.2,14
24.2,14
10.0,14
29.4,14
3.9,14
5.9,14
4.5,14
55.4,14
2.3,14
2.9,14
1.8,14
8.9,14
7.1,14
14.0,14
25.8,14
8.6,14
14.1,14
3.9,14
15.6,14
3.9,14
7.5,14
5.7,14
2.3,14
16.3,14
5.2,14
13.3,14
0.7,14
113.6,14
9.2,14
53.6,14
6.9,14
5.7,14
5.5,14
21.2,14
2.9,14
58.5,14
73.9,14
19.4,14
32.9,14
106.9,14
13.5,8
21.4,8
9.5,8
1.7,8
7.0,8
2.1,8
5.6,8
4.6,8
5.0,8
28.1,8
1.0,8
4.3,8
86.9,8
17.9,8
1.4,8
10.3,8
34.8,8
3.3,8
8.5,8
2.8,8
8.9,8
16.3,8
4.4,8
11.3,8
2.4,8
10.8,8
47.5,8
52.7,8
4.7,8
4.5,8
10.2,8
14.6,8
4.1,8
0.5,8
30.6,8
173.6,8
125.5,8
9.9,8
4.4,8
4.9,8
11.1,8
16.9,8
3.2,8
10.1,8
20.6,8
4.9,8
4.8,8
26.2,8
1.4,8
26.2,8
20.9,8
14.7,8
16.0,8
3.9,8
10.2,8
33.6,8
1.6,8
32.0,8
7.1,8
27.8,8
7.5,8
4.2,8
0.7,8
2.1,8
50.1,8
15.0,8
4.9,8
2.3,8
79.8,8
1.3,8
1.3,8
3.5,8
5.2,8
36.7,8
0.8,8
55.8,8
0.5,8
49.6,8
690.1,8
21.7,8
16.2,8
1.4,8
31.3,8
36.7,8
23.3,8
26.7,8
49.0,8
3.5,8
22.0,8
0.5,8
27.8,8
21.2,8
20.2,8
11.5,8
10.0,8
24.3,8
2.3,8
2.4,8
6.4,8
16.0,8
4.6,8
27.5,8
6.8,8
59.2,8
0.6,8
2.9,8
14.0,8
5.2,8
11.7,8
7.2,8
19.9,8
0.5,8
0.8,8
18.9,8
4.7,8
16.9,8
4.7,8
2.5,8
1.8,8
10.0,8
5.5,8
23.9,8
7.4,8
0.6,8
2.2,8
11.4,8
4.7,8
17.2,8
15.9,8
0.5,8
39.1,8
113.9,8
1.0,8
0.8,8
1.4,8
3.8,8
10.1,8
6.9,8
42.6,8
36.9,8
9.1,8
60.6,8
31.4,8
16.2,8
16.7,8
3.7,8
3.3,8
2.0,8
2.9,8
17.2,8
28.6,8
26.4,8
0.5,8
15.4,8
6.3,8
1.8,8
6.0,8
24.2,8
21.4,8
3.0,8
7.4,8
9.8,8
47.9,8
2.2,8
2.9,8
2.1,8
8.5,8
9.7,8
5.5,8
3.5,8
42.0,8
36.6,8
2.6,8
21.6,8
4.8,8
8.9,8
5.3,8
2.4,8
39.0,8
5.9,8
24.1,8
1.7,8
145.5,8
7.7,8
90.5,8
2.0,8
1.2,8
7.9,8
25.1,8
4.0,8
46.1,8
45.2,8
29.8,8
20.6,8
5.8,8
22.8,1
22.3,1
13.6,1
1.6,1
11.0,1
1.1,1
3.7,1
2.7,1
5.7,1
2.2,1
10.4,1
3.6,1
59.8,1
11.3,1
0.9,1
0.5,1
5.9,1
1.9,1
5.1,1
4.6,1
3.8,1
6.2,1
40.6,1
4.4,1
4.8,1
13.2,1
9.5,1
3.7,1
1.9,1
9.9,1
10.6,1
1.8,1
0.5,1
0.5,1
3.3,1
262.2,1
223.6,1
11.1,1
7.0,1
3.3,1
9.3,1
9.7,1
10.9,1
3.9,1
4.9,1
3.3,1
2.0,1
42.1,1
0.8,1
5.8,1
43.0,1
11.7,1
19.6,1
3.7,1
51.3,1
0.5,1
40.3,1
27.3,1
4.9,1
0.8,1
23.4,1
5.5,1
15.3,1
2.0,1
3.1,1
11.3,1
14.5,1
3.3,1
96.3,1
0.7,1
0.9,1
5.5,1
13.8,1
9.0,1
4.7,1
11.3,1
2.2,1
99.2,1
290.6,1
25.6,1
14.3,1
1.9,1
10.0,1
9.0,1
131.1,1
28.3,1
11.9,1
5.0,1
6.1,1
0.5,1
48.7,1
5.1,1
26.6,1
0.7,1
9.0,1
41.2,1
1.9,1
14.2,1
2.2,1
0.7,1
3.8,1
4.3,1
1.2,1
59.8,1
1.0,1
4.8,1
9.1,1
0.5,1
36.4,1
2.2,1
46.0,1
0.5,1
7.4,1
6.6,1
5.0,1
19.7,1
13.1,1
16.9,1
2.6,1
25.5,1
4.1,1
21.6,1
3.0,1
4.1,1
7.9,1
2.9,1
3.0,1
11.3,1
27.8,1
1.0,1
25.6,1
123.0,1
0.5,1
1.2,1
4.9,1
4.5,1
3.0,1
12.0,1
10.6,1
1.4,1
5.3,1
43.3,1
19.7,1
6.2,1
1.4,1
3.7,1
2.0,1
2.1,1
4.3,1
13.4,1
4.8,1
37.0,1
16.6,1
7.5,1
4.1,1
2.6,1
19.3,1
2.3,1
5.5,1
0.5,1
5.6,1
33.5,1
6.1,1
0.9,1
4.6,1
1.8,1
44.5,1
3.3,1
0.5,1
2.8,1
38.0,1
19.2,1
0.8,1
85.8,1
4.7,1
19.6,1
3.8,1
3.7,1
27.6,1
20.0,1
18.6,1
0.7,1
1.2,1
6.1,1
63.9,1
4.2,1
1.8,1
17.6,1
6.2,1
4.0,1
13.2,1
25.0,1
15.8,1
9.2,1
19.9,1
15.3,1
21.2,1
20.1,1
2.8,1
14.8,1
0.7,1
5.4,1
1.8,1
7.7,1
5.4,1
6.7,1
3.0,1
50.8,1
11.3,1
1.1,1
1.1,1
19.0,1
2.7,1
8.0,1
6.8,1
1.9,1
8.8,1
33.6,1
6.8,1
6.2,1
14.7,1
212.9,1
39.9,1
2.2,1
10.3,1
8.2,1
27.5,1
0.5,1
1.1,1
42.4,1
236.7,1
263.1,1
15.1,1
4.4,1
5.1,1
15.2,1
14.5,1
3.5,1
8.5,1
9.3,1
5.1,1
6.0,1
42.0,1
0.8,1
3.3,1
12.6,1
18.1,1
15.2,1
2.6,1
69.2,1
0.6,1
90.6,1
66.4,1
5.2,1
1.9,1
22.6,1
3.7,1
16.8,1
5.5,1
4.7,1
7.2,1
17.2,1
3.0,1
3.6,1
0.6,1
6.3,1
4.1,1
6.0,1
26.2,1
1.3,1
6.3,1
1.4,1
46.6,1
858.0,1
31.2,1
16.3,1
2.8,1
9.7,1
26.2,1
22.8,1
47.9,1
8.7,1
4.8,1
8.3,1
0.5,1
41.4,1
4.1,1
16.0,1
1.4,1
11.1,1
85.6,1
1.7,1
13.2,1
7.7,1
0.9,1
5.8,1
2.3,1
6.7,1
40.9,1
0.7,1
21.7,1
8.4,1
0.5,1
16.2,1
2.5,1
20.9,1
0.5,1
3.4,1
7.8,1
4.4,1
16.9,1
13.6,1
10.5,1
3.3,1
7.6,1
42.2,1
84.8,1
6.7,1
0.7,1
4.3,1
46.9,1
11.4,1
10.3,1
27.0,1
1.8,1
30.5,1
104.5,1
0.5,1
1.1,1
5.7,1
5.2,1
4.9,1
7.4,1
24.4,1
0.8,1
10.6,1
57.0,1
19.4,1
5.6,1
18.7,1
2.9,1
1.2,1
2.4,1
5.5,1
18.7,1
40.2,1
41.9,1
10.2,1
4.8,1
4.3,1
1.4,1
9.5,1
6.3,1
13.1,1
0.8,1
4.2,1
65.9,1
4.5,1
2.7,1
15.2,1
1.2,1
43.3,1
3.8,1
5.9,1
8.9,1
21.7,1
20.4,1
1.8,1
22.8,1
4.2,1
28.8,1
3.1,1
2.2,1
39.9,1
15.9,1
19.1,1
0.8,1
18.6,1
9.6,1
68.3,1
17.8,1
1.8,1
34.8,1
10.2,1
1.5,1
22.3,1
16.7,1
18.9,1
21.8,1
14.2,1
13.1,0
56.7,0
9.8,0
1.0,0
11.2,0
0.9,0
2.2,0
2.8,0
11.0,0
16.2,0
12.2,0
2.1,0
27.3,0
12.8,0
1.0,0
2.2,0
15.6,0
3.0,0
8.1,0
6.0,0
2.7,0
12.3,0
5.5,0
8.3,0
7.9,0
6.5,0
21.9,0
48.7,0
1.5,0
5.8,0
8.1,0
4.0,0
1.9,0
2.2,0
11.6,0
177.1,0
288.5,0
6.6,0
2.4,0
16.1,0
8.4,0
14.1,0
2.3,0
12.2,0
13.8,0
16.1,0
4.1,0
61.6,0
0.7,0
10.2,0
22.8,0
18.6,0
13.3,0
1.9,0
26.8,0
1.4,0
26.8,0
60.3,0
4.1,0
3.0,0
13.9,0
3.7,0
7.3,0
25.8,0
3.0,0
10.2,0
31.1,0
2.9,0
4.1,0
0.5,0
17.2,0
3.6,0
29.9,0
34.2,0
0.8,0
8.9,0
1.0,0
171.5,0
799.6,0
56.3,0
16.1,0
1.5,0
16.8,0
34.2,0
8.4,0
7.8,0
12.6,0
4.9,0
20.3,0
0.5,0
34.7,0
3.6,0
11.0,0
22.5,0
7.5,0
8.6,0
1.1,0
5.8,0
12.2,0
4.5,0
11.0,0
2.5,0
8.2,0
39.4,0
0.7,0
30.9,0
9.3,0
0.7,0
12.9,0
3.1,0
7.1,0
0.5,0
0.5,0
9.3,0
5.3,0
8.4,0
7.4,0
12.4,0
2.4,0
4.9,0
35.9,0
80.9,0
13.9,0
1.4,0
3.1,0
7.3,0
10.0,0
12.6,0
7.3,0
1.6,0
24.0,0
88.3,0
0.5,0
26.3,0
1.9,0
3.4,0
1.8,0
14.0,0
129.2,0
3.2,0
5.6,0
26.6,0
2.5,0
8.4,0
15.7,0
1.4,0
0.6,0
3.3,0
3.9,0
9.6,0
21.8,0
79.8,0
8.1,0
7.5,0
2.6,0
0.9,0
6.8,0
12.3,0
11.3,0
2.3,0
7.0,0
38.8,0
7.1,0
1.3,0
4.8,0
1.3,0
43.6,0
3.3,0
2.3,0
15.9,0
19.5,0
21.4,0
2.4,0
18.1,0
3.1,0
4.6,0
2.0,0
2.6,0
9.4,0
13.5,0
14.8,0
2.2,0
44.3,0
6.9,0
51.2,0
15.5,0
2.6,0
2.3,0
11.8,0
5.2,0
14.0,0
110.2,0
17.2,0
29.1,0
27.9,0
13.2,1
16.3,1
37.3,1
0.9,1
11.3,1
0.9,1
17.1,1
2.0,1
6.1,1
4.8,1
11.2,1
6.7,1
55.6,1
58.7,1
1.8,1
2.4,1
21.9,1
2.3,1
4.0,1
8.2,1
2.3,1
22.2,1
2.9,1
10.1,1
1.9,1
7.3,1
39.8,1
39.2,1
1.4,1
3.0,1
19.0,1
5.0,1
1.5,1
17.5,1
33.1,1
77.7,1
343.3,1
8.7,1
2.2,1
4.2,1
7.2,1
17.6,1
9.7,1
17.2,1
8.3,1
4.2,1
19.5,1
59.9,1
1.0,1
11.6,1
17.6,1
18.8,1
7.3,1
4.1,1
30.0,1
3.2,1
5.5,1
185.0,1
2.5,1
3.1,1
9.9,1
4.7,1
8.3,1
0.8,1
24.4,1
10.5,1
11.0,1
0.9,1
2.3,1
0.7,1
2.5,1
2.8,1
30.4,1
15.8,1
0.7,1
10.9,1
1.4,1
65.8,1
609.5,1
36.8,1
25.2,1
1.5,1
14.4,1
15.8,1
6.2,1
50.0,1
8.3,1
12.0,1
7.1,1
0.5,1
38.0,1
17.9,1
12.6,1
3.0,1
10.1,1
3.4,1
2.9,1
3.5,1
7.5,1
2.2,1
12.4,1
5.9,1
8.1,1
181.3,1
1.1,1
26.8,1
8.0,1
0.8,1
16.8,1
5.4,1
10.1,1
0.5,1
1.3,1
2.6,1
1.4,1
8.4,1
1.6,1
7.5,1
1.5,1
7.5,1
15.3,1
72.7,1
12.2,1
5.1,1
0.9,1
6.3,1
2.3,1
11.0,1
15.9,1
0.5,1
24.3,1
101.1,1
0.5,1
9.9,1
1.8,1
3.4,1
3.6,1
53.3,1
4.9,1
5.0,1
42.2,1
4.2,1
6.6,1
20.4,1
0.7,1
1.0,1
2.6,1
3.5,1
5.1,1
14.9,1
51.8,1
5.7,1
7.7,1
2.8,1
1.5,1
11.8,1
7.0,1
11.9,1
2.5,1
4.3,1
43.8,1
18.3,1
6.5,1
1.8,1
3.2,1
31.9,1
3.2,1
7.8,1
10.5,1
34.0,1
17.4,1
2.4,1
14.2,1
5.2,1
7.6,1
1.6,1
2.3,1
10.5,1
7.7,1
13.7,1
1.5,1
16.4,1
8.1,1
34.7,1
16.7,1
3.7,1
10.7,1
10.1,1
5.3,1
10.4,1
87.3,1
52.3,1
27.0,1
17.9,1
18.6,3
14.5,3
12.6,3
2.7,3
8.3,3
1.0,3
3.7,3
1.0,3
4.7,3
16.3,3
1.5,3
6.2,3
40.8,3
47.1,3
2.0,3
8.2,3
3.7,3
2.7,3
6.4,3
4.7,3
1.0,3
23.0,3
7.0,3
6.3,3
3.6,3
7.2,3
75.6,3
34.2,3
5.6,3
5.4,3
24.7,3
17.1,3
4.1,3
6.6,3
7.2,3
30.5,3
198.6,3
5.0,3
2.4,3
31.3,3
9.8,3
19.0,3
16.1,3
22.6,3
13.5,3
31.3,3
1.1,3
56.9,3
1.0,3
6.8,3
20.8,3
21.5,3
13.2,3
1.3,3
27.0,3
0.5,3
7.7,3
10.0,3
5.3,3
0.7,3
5.6,3
4.5,3
17.4,3
2.1,3
18.3,3
8.3,3
7.4,3
0.8,3
2.6,3
0.5,3
5.0,3
3.3,3
17.7,3
31.2,3
0.6,3
10.8,3
1.1,3
55.8,3
724.1,3
26.6,3
27.6,3
5.0,3
15.8,3
31.2,3
11.1,3
20.3,3
13.2,3
3.9,3
10.4,3
1.4,3
46.2,3
14.5,3
18.8,3
0.9,3
17.8,3
18.8,3
1.2,3
7.5,3
4.6,3
6.3,3
7.6,3
9.0,3
6.9,3
47.1,3
0.7,3
26.6,3
8.2,3
0.5,3
22.5,3
5.1,3
25.2,3
0.5,3
1.4,3
7.7,3
2.0,3
7.6,3
2.4,3
6.8,3
4.9,3
13.1,3
4.7,3
96.9,3
5.8,3
3.7,3
1.0,3
8.1,3
4.8,3
97.2,3
16.8,3
4.3,3
30.7,3
103.8,3
0.8,3
1.8,3
1.8,3
5.8,3
9.6,3
11.6,3
27.5,3
66.4,3
5.6,3
32.9,3
6.2,3
6.9,3
20.7,3
1.0,3
0.7,3
0.5,3
8.1,3
14.9,3
3.8,3
60.3,3
10.3,3
5.2,3
6.6,3
0.7,3
7.0,3
15.8,3
13.3,3
0.7,3
5.8,3
14.6,3
15.9,3
7.0,3
1.4,3
1.6,3
32.7,3
3.1,3
2.6,3
8.7,3
22.4,3
15.0,3
2.4,3
148.4,3
3.6,3
8.2,3
3.7,3
1.2,3
8.5,3
6.7,3
12.6,3
4.1,3
54.6,3
7.0,3
35.6,3
9.2,3
3.2,3
2.8,3
7.8,3
3.9,3
19.1,3
162.8,3
53.9,3
14.8,3
13.5,3
23.2,8
17.9,8
11.3,8
1.4,8
13.1,8
1.2,8
1.9,8
1.6,8
9.8,8
7.2,8
1.8,8
2.2,8
44.6,8
6.8,8
6.2,8
12.9,8
2.4,8
1.9,8
11.3,8
5.0,8
1.6,8
12.2,8
3.2,8
6.0,8
1.2,8
5.3,8
21.8,8
34.4,8
4.6,8
4.3,8
138.2,8
18.0,8
0.5,8
0.5,8
11.2,8
84.5,8
14.4,8
4.5,8
2.8,8
28.6,8
7.0,8
8.5,8
9.8,8
15.0,8
12.5,8
28.6,8
9.2,8
64.2,8
1.2,8
11.9,8
29.7,8
20.8,8
7.5,8
2.4,8
29.0,8
2.8,8
10.6,8
70.9,8
6.5,8
3.5,8
1.9,8
7.4,8
9.5,8
5.4,8
16.5,8
7.1,8
2.8,8
1.1,8
2.4,8
1.1,8
5.9,8
3.1,8
24.7,8
22.3,8
0.7,8
5.8,8
0.5,8
106.5,8
879.3,8
30.2,8
30.5,8
1.5,8
27.7,8
22.3,8
23.3,8
29.3,8
22.7,8
5.9,8
15.8,8
0.9,8
44.9,8
11.3,8
14.2,8
2.9,8
25.8,8
41.1,8
1.2,8
2.9,8
7.6,8
1.0,8
5.3,8
7.1,8
115.1,8
0.5,8
11.7,8
6.1,8
0.5,8
24.9,8
7.1,8
11.7,8
0.5,8
1.7,8
12.1,8
4.6,8
10.9,8
2.9,8
5.0,8
4.1,8
42.4,8
3.0,8
134.5,8
3.8,8
3.5,8
2.1,8
26.2,8
13.2,8
49.8,8
12.0,8
0.9,8
32.7,8
111.2,8
1.0,8
0.5,8
1.9,8
20.0,8
9.4,8
11.3,8
44.8,8
9.4,8
5.6,8
37.2,8
8.7,8
8.8,8
27.1,8
1.0,8
1.7,8
0.5,8
6.7,8
19.8,8
2.9,8
57.8,8
9.9,8
5.1,8
6.8,8
1.2,8
10.5,8
15.1,8
9.8,8
1.7,8
7.4,8
7.8,8
55.4,8
3.0,8
3.1,8
1.3,8
31.1,8
3.3,8
1.3,8
0.8,8
30.7,8
17.1,8
2.0,8
314.5,8
3.2,8
6.6,8
4.4,8
2.0,8
38.8,8
9.0,8
12.5,8
1.8,8
8.6,8
11.5,8
56.1,8
2.0,8
0.6,8
2.9,8
15.6,8
7.3,8
18.9,8
102.8,8
37.1,8
7.4,8
7.7,8
30.8,14
28.2,14
12.8,14
1.8,14
11.1,14
0.8,14
3.3,14
0.5,14
7.6,14
4.1,14
5.3,14
2.8,14
28.9,14
12.6,14
1.3,14
4.3,14
2.2,14
5.2,14
11.9,14
7.0,14
1.9,14
6.2,14
35.5,14
4.8,14
4.1,14
8.3,14
214.6,14
39.7,14
1.0,14
11.0,14
48.0,14
52.7,14
0.5,14
0.5,14
34.6,14
256.9,14
40.1,14
5.7,14
2.3,14
11.6,14
7.8,14
8.0,14
4.3,14
18.6,14
2.7,14
11.6,14
1.7,14
60.1,14
0.8,14
10.6,14
14.1,14
16.4,14
10.1,14
2.1,14
29.3,14
0.5,14
76.8,14
73.0,14
4.3,14
0.8,14
2.8,14
5.5,14
14.2,14
5.9,14
1.1,14
6.9,14
4.7,14
0.9,14
2.7,14
0.8,14
4.1,14
1.6,14
19.6,14
16.3,14
0.5,14
2.6,14
0.5,14
83.9,14
908.5,14
45.5,14
15.5,14
1.8,14
18.7,14
16.3,14
10.8,14
39.8,14
17.3,14
26.1,14
7.1,14
0.5,14
33.0,14
4.3,14
17.2,14
1.9,14
17.8,14
36.2,14
5.2,14
11.0,14
4.0,14
7.3,14
1.6,14
4.1,14
7.0,14
86.6,14
0.5,14
30.1,14
10.0,14
0.5,14
58.1,14
7.9,14
19.6,14
0.5,14
1.0,14
15.1,14
3.0,14
6.9,14
4.3,14
14.6,14
3.6,14
28.4,14
7.2,14
35.5,14
3.5,14
5.2,14
1.5,14
172.0,14
24.0,14
12.0,14
22.3,14
0.8,14
33.0,14
167.6,14
0.6,14
4.3,14
2.3,14
11.6,14
17.0,14
10.2,14
72.7,14
7.1,14
3.1,14
51.6,14
16.6,14
6.6,14
27.2,14
1.3,14
0.8,14
1.0,14
3.5,14
10.3,14
2.4,14
41.9,14
26.5,14
12.5,14
4.2,14
2.8,14
14.7,14
3.6,14
15.2,14
0.9,14
6.5,14
138.9,14
45.6,14
7.9,14
5.4,14
1.7,14
45.7,14
1.2,14
0.5,14
10.1,14
19.3,14
15.2,14
2.2,14
653.9,14
3.2,14
8.1,14
4.5,14
1.1,14
18.8,14
26.0,14
11.1,14
0.5,14
53.6,14
4.8,14
66.3,14
3.7,14
26.2,14
2.9,14
2.4,14
8.1,14
15.2,14
77.5,14
48.0,14
13.8,14
8.9,14
13.7,22
37.8,22
5.4,22
0.7,22
8.9,22
1.5,22
3.2,22
1.8,22
1.1,22
7.4,22
2.2,22
0.5,22
24.2,22
9.6,22
0.8,22
7.4,22
1.7,22
3.6,22
19.0,22
4.5,22
2.0,22
24.3,22
9.0,22
5.5,22
10.8,22
12.1,22
251.5,22
36.1,22
2.9,22
21.8,22
92.8,22
25.0,22
0.5,22
6.7,22
11.9,22
102.7,22
137.7,22
6.5,22
2.2,22
37.5,22
13.8,22
24.9,22
1.8,22
17.3,22
9.6,22
37.5,22
5.2,22
59.6,22
1.0,22
10.3,22
12.8,22
18.6,22
10.5,22
2.7,22
26.3,22
5.1,22
14.5,22
66.8,22
7.0,22
3.2,22
3.6,22
5.7,22
2.0,22
21.3,22
5.0,22
12.3,22
12.8,22
1.1,22
3.2,22
2.8,22
2.5,22
2.2,22
26.0,22
16.2,22
0.5,22
16.5,22
0.7,22
95.2,22
1558.8,22
22.5,22
20.1,22
4.4,22
15.1,22
16.2,22
5.3,22
24.0,22
12.4,22
3.3,22
23.6,22
0.5,22
32.6,22
1.7,22
13.6,22
5.0,22
14.7,22
9.4,22
4.5,22
16.9,22
18.4,22
6.6,22
3.7,22
8.7,22
10.5,22
198.8,22
0.5,22
58.4,22
20.7,22
1.6,22
32.2,22
4.1,22
12.8,22
0.5,22
1.2,22
6.3,22
4.2,22
7.2,22
4.0,22
10.3,22
9.1,22
9.6,22
8.3,22
41.0,22
3.2,22
4.0,22
2.6,22
15.8,22
18.1,22
9.7,22
17.9,22
4.0,22
42.0,22
110.5,22
0.8,22
3.8,22
7.6,22
4.5,22
14.6,22
8.3,22
60.6,22
39.1,22
2.5,22
46.7,22
5.9,22
6.3,22
15.2,22
1.2,22
0.8,22
1.9,22
2.4,22
9.3,22
2.3,22
35.1,22
1.8,22
41.5,22
9.6,22
4.4,22
28.9,22
6.0,22
21.1,22
2.2,22
6.3,22
85.5,22
4.9,22
5.4,22
2.3,22
1.7,22
50.2,22
2.2,22
2.9,22
19.9,22
23.0,22
8.2,22
2.0,22
75.7,22
2.8,22
8.1,22
4.1,22
0.5,22
30.4,22
35.2,22
13.2,22
0.5,22
41.6,22
13.0,22
34.6,22
2.5,22
1.2,22
3.5,22
5.5,22
4.6,22
5.5,22
99.4,22
42.1,22
25.9,22
20.0,22
7.8,31
19.5,31
10.4,31
0.9,31
8.3,31
5.4,31
5.3,31
3.6,31
0.5,31
4.0,31
10.1,31
0.7,31
37.7,31
5.6,31
1.2,31
10.1,31
3.9,31
2.1,31
11.4,31
3.1,31
1.5,31
16.0,31
20.3,31
4.0,31
1.0,31
37.9,31
31.4,31
47.6,31
6.8,31
2.1,31
80.4,31
49.9,31
0.8,31
3.8,31
22.3,31
82.0,31
82.4,31
7.5,31
4.2,31
3.6,31
7.8,31
4.8,31
2.1,31
22.1,31
5.2,31
3.6,31
11.9,31
39.1,31
1.7,31
16.5,31
28.9,31
13.8,31
6.2,31
2.4,31
34.0,31
9.0,31
13.2,31
154.0,31
5.1,31
8.3,31
2.8,31
6.2,31
0.9,31
24.0,31
9.7,31
6.1,31
17.1,31
0.6,31
3.2,31
0.9,31
2.7,31
2.0,31
20.8,31
24.3,31
0.5,31
27.0,31
0.5,31
153.9,31
588.9,31
28.8,31
18.3,31
1.6,31
19.5,31
24.3,31
25.5,31
13.0,31
17.7,31
9.5,31
7.2,31
0.7,31
33.8,31
2.2,31
12.7,31
15.7,31
18.8,31
13.4,31
2.5,31
22.0,31
5.3,31
9.0,31
2.2,31
7.0,31
9.0,31
114.2,31
1.0,31
7.1,31
19.4,31
0.6,31
22.8,31
6.7,31
21.6,31
0.6,31
0.7,31
4.3,31
3.3,31
17.6,31
1.2,31
11.7,31
5.6,31
18.8,31
28.5,31
16.3,31
4.2,31
6.1,31
92.1,31
12.9,31
56.0,31
28.7,31
5.2,31
87.0,31
99.6,31
1.2,31
1.6,31
1.6,31
4.8,31
7.7,31
4.6,31
84.0,31
5.4,31
2.3,31
41.3,31
6.0,31
8.5,31
53.0,31
3.0,31
1.7,31
3.4,31
6.4,31
4.6,31
4.7,31
29.9,31
1.0,31
10.7,31
6.9,31
1.9,31
7.3,31
6.2,31
3.7,31
0.5,31
3.8,31
61.1,31
20.9,31
5.0,31
0.9,31
1.8,31
52.0,31
4.2,31
22.8,31
0.7,31
27.2,31
7.5,31
1.6,31
286.6,31
3.5,31
11.0,31
8.6,31
2.1,31
30.1,31
54.8,31
10.8,31
0.5,31
128.0,31
9.6,31
35.3,31
3.1,31
1.1,31
22.7,31
7.2,31
5.4,31
19.4,31
81.3,31
37.4,31
27.6,31
33.1,31
9.2,41
61.1,41
4.0,41
0.5,41
10.0,41
3.6,41
2.9,41
2.6,41
1.3,41
2.9,41
12.8,41
0.5,41
40.4,41
8.5,41
1.2,41
19.3,41
3.5,41
1.3,41
9.0,41
1.3,41
1.7,41
46.8,41
20.4,41
4.1,41
0.8,41
32.5,41
153.8,41
49.8,41
2.9,41
3.2,41
96.9,41
28.3,41
6.9,41
0.6,41
19.8,41
31.4,41
393.6,41
8.0,41
3.1,41
6.0,41
7.1,41
26.7,41
2.9,41
16.7,41
4.6,41
6.0,41
6.5,41
43.3,41
4.0,41
3.6,41
20.9,41
18.6,41
9.4,41
1.1,41
32.8,41
10.8,41
20.9,41
68.3,41
7.9,41
9.8,41
2.9,41
4.9,41
3.7,41
20.3,41
2.6,41
14.1,41
25.7,41
0.8,41
3.6,41
0.5,41
1.4,41
3.6,41
32.0,41
27.6,41
0.5,41
18.2,41
0.6,41
699.3,41
331.8,41
27.9,41
34.8,41
1.9,41
23.6,41
27.6,41
14.2,41
12.4,41
27.1,41
6.6,41
6.4,41
0.8,41
43.5,41
0.7,41
12.8,41
10.2,41
12.9,41
30.9,41
1.4,41
6.0,41
2.3,41
5.8,41
2.2,41
3.0,41
4.8,41
31.6,41
0.5,41
13.4,41
22.8,41
0.5,41
38.1,41
3.6,41
19.5,41
0.5,41
1.0,41
5.5,41
2.8,41
54.5,41
1.7,41
20.9,41
6.6,41
15.1,41
14.1,41
34.3,41
1.9,41
0.5,41
2.4,41
11.8,41
11.1,41
48.0,41
32.5,41
2.8,41
55.1,41
86.9,41
1.4,41
7.3,41
2.1,41
3.5,41
13.7,41
8.3,41
50.3,41
14.9,41
3.2,41
52.0,41
28.6,41
5.7,41
55.0,41
3.0,41
2.0,41
0.9,41
7.9,41
9.0,41
5.8,41
39.8,41
8.5,41
34.8,41
7.7,41
7.1,41
37.9,41
5.4,41
12.5,41
2.3,41
6.1,41
30.3,41
86.2,41
10.2,41
1.6,41
44.8,41
4.3,41
4.1,41
3.7,41
22.7,41
9.6,41
6.3,41
567.3,41
3.9,41
17.5,41
5.7,41
1.3,41
4.7,41
38.2,41
10.4,41
0.5,41
18.5,41
11.3,41
35.7,41
2.3,41
1.7,41
3.2,41
4.4,41
2.2,41
39.6,41
65.1,41
31.4,41
17.6,41
16.2,41
6.1,52
47.8,52
1.7,52
1.0,52
6.2,52
1.7,52
5.6,52
3.0,52
2.2,52
2.1,52
17.7,52
2.8,52
36.7,52
11.5,52
2.1,52
6.7,52
3.8,52
2.3,52
13.3,52
0.9,52
1.3,52
14.4,52
11.1,52
5.5,52
2.7,52
28.9,52
35.2,52
43.7,52
1.0,52
10.2,52
117.4,52
14.8,52
5.3,52
0.5,52
8.4,52
18.4,52
219.5,52
19.7,52
3.6,52
5.4,52
12.4,52
1.6,52
11.4,52
21.0,52
3.0,52
5.4,52
2.5,52
53.6,52
1.0,52
5.0,52
38.5,52
15.9,52
9.3,52
1.4,52
32.0,52
0.9,52
20.1,52
127.7,52
6.9,52
1.0,52
59.7,52
3.8,52
23.9,52
14.8,52
3.2,52
7.9,52
34.9,52
2.2,52
3.0,52
0.8,52
2.0,52
3.8,52
24.3,52
3.5,52
0.8,52
5.1,52
0.5,52
598.3,52
434.9,52
22.1,52
32.3,52
1.4,52
21.3,52
3.5,52
4.1,52
3.3,52
22.6,52
1.4,52
7.7,52
1.5,52
40.7,52
4.2,52
17.7,52
3.3,52
25.2,52
20.7,52
1.1,52
13.7,52
2.8,52
3.0,52
2.3,52
2.0,52
11.0,52
10.7,52
0.5,52
10.3,52
3.1,52
0.5,52
24.2,52
3.8,52
23.9,52
0.5,52
0.5,52
3.7,52
0.7,52
34.9,52
8.4,52
25.5,52
2.4,52
8.9,52
39.1,52
45.1,52
3.4,52
0.7,52
2.4,52
16.0,52
15.4,52
10.0,52
26.9,52
2.6,52
27.4,52
79.1,52
3.4,52
6.3,52
2.1,52
2.8,52
18.9,52
5.0,52
76.0,52
5.0,52
3.4,52
55.1,52
12.2,52
8.3,52
30.8,52
2.5,52
2.3,52
2.5,52
6.7,52
3.4,52
4.2,52
41.6,52
24.5,52
10.8,52
7.7,52
2.8,52
60.4,52
2.9,52
0.6,52
2.0,52
7.0,52
18.1,52
5.0,52
33.6,52
20.4,52
1.4,52
44.2,52
4.0,52
1.5,52
11.5,52
22.1,52
8.5,52
3.0,52
405.9,52
9.4,52
22.5,52
7.0,52
2.9,52
2.3,52
20.5,52
11.5,52
0.5,52
19.6,52
13.5,52
43.9,52
2.5,52
2.8,52
6.5,52
5.6,52
2.4,52
31.9,52
94.6,52
48.4,52
12.2,52
12.4,52
4.0,63
3.7,63
2.4,63
2.2,63
8.9,63
2.4,63
2.4,63
4.7,63
6.6,63
3.0,63
15.7,63
5.7,63
56.0,63
15.7,63
1.8,63
4.0,63
5.7,63
1.5,63
5.7,63
2.1,63
1.5,63
4.1,63
8.5,63
5.7,63
1.7,63
5.8,63
83.6,63
33.9,63
2.5,63
14.2,63
145.3,63
9.3,63
1.2,63
0.5,63
8.8,63
47.7,63
147.8,63
9.2,63
3.4,63
3.3,63
17.8,63
4.6,63
18.6,63
21.4,63
8.2,63
3.3,63
4.6,63
46.1,63
2.1,63
5.4,63
19.8,63
20.2,63
38.3,63
0.9,63
48.7,63
0.6,63
4.6,63
96.3,63
6.5,63
1.8,63
11.8,63
4.3,63
10.5,63
24.6,63
5.6,63
4.3,63
28.6,63
1.2,63
4.6,63
4.1,63
2.2,63
2.5,63
4.6,63
1.3,63
2.8,63
4.5,63
0.5,63
311.0,63
906.4,63
32.1,63
27.4,63
1.5,63
15.3,63
1.3,63
2.9,63
7.5,63
15.4,63
1.8,63
7.4,63
0.5,63
35.4,63
4.1,63
15.9,63
2.1,63
27.0,63
1.1,63
0.8,63
12.2,63
7.2,63
1.9,63
6.5,63
4.8,63
7.1,63
14.1,63
0.5,63
13.3,63
4.4,63
0.8,63
34.6,63
4.1,63
28.3,63
0.5,63
0.5,63
9.4,63
1.3,63
2.3,63
10.4,63
18.9,63
4.4,63
13.7,63
13.5,63
25.6,63
9.6,63
1.4,63
6.3,63
10.9,63
5.1,63
10.2,63
10.9,63
2.3,63
46.3,63
131.7,63
5.6,63
4.0,63
5.4,63
4.5,63
18.1,63
6.6,63
94.9,63
4.5,63
4.3,63
42.6,63
11.6,63
10.8,63
26.2,63
2.2,63
1.7,63
2.4,63
5.0,63
1.5,63
7.8,63
38.4,63
17.0,63
7.8,63
2.5,63
3.2,63
15.3,63
4.5,63
3.5,63
1.2,63
4.8,63
14.6,63
10.3,63
37.6,63
13.8,63
2.7,63
60.1,63
2.1,63
1.2,63
7.4,63
55.8,63
8.4,63
2.1,63
907.8,63
6.2,63
7.0,63
6.6,63
2.0,63
2.3,63
18.9,63
11.9,63
1.2,63
17.3,63
14.2,63
58.5,63
4.3,63
1.0,63
2.2,63
15.0,63
17.3,63
23.4,63
112.7,63
48.5,63
11.0,63
22.5,63
17.1,74
7.4,74
4.1,74
2.8,74
8.4,74
6.5,74
2.8,74
3.4,74
4.2,74
17.4,74
11.6,74
9.6,74
50.2,74
32.5,74
5.3,74
15.3,74
14.1,74
1.0,74
18.0,74
2.3,74
2.7,74
16.8,74
10.4,74
5.4,74
2.1,74
10.5,74
68.0,74
42.2,74
0.9,74
7.3,74
45.4,74
34.9,74
0.5,74
4.4,74
15.4,74
151.7,74
208.4,74
14.3,74
4.4,74
5.0,74
14.7,74
13.0,74
9.1,74
20.7,74
17.8,74
5.0,74
5.1,74
13.0,74
4.0,74
7.6,74
17.9,74
22.6,74
16.6,74
1.3,74
52.7,74
1.6,74
26.5,74
35.1,74
5.8,74
1.8,74
136.5,74
5.5,74
10.9,74
22.6,74
13.4,74
9.5,74
13.4,74
2.4,74
24.1,74
2.9,74
1.9,74
0.9,74
10.9,74
6.3,74
5.2,74
5.9,74
0.5,74
899.5,74
545.1,74
21.3,74
35.9,74
3.0,74
15.7,74
6.3,74
4.2,74
12.0,74
12.3,74
8.6,74
17.6,74
0.5,74
42.7,74
3.6,74
21.3,74
4.7,74
21.4,74
3.0,74
0.9,74
17.1,74
26.3,74
4.7,74
13.4,74
8.6,74
6.0,74
30.1,74
0.9,74
61.2,74
4.9,74
0.8,74
16.8,74
2.4,74
5.7,74
0.5,74
0.5,74
6.7,74
0.8,74
6.1,74
10.4,74
9.8,74
7.2,74
4.6,74
21.6,74
40.1,74
15.3,74
0.5,74
2.0,74
25.0,74
8.6,74
185.5,74
16.7,74
6.9,74
43.1,74
67.6,74
4.9,74
1.3,74
5.5,74
8.0,74
9.3,74
5.7,74
141.2,74
2.8,74
8.4,74
52.8,74
14.2,74
5.1,74
15.5,74
4.4,74
4.7,74
6.4,74
3.9,74
6.6,74
17.0,74
46.2,74
16.6,74
14.4,74
0.8,74
2.6,74
23.6,74
7.7,74
14.6,74
1.5,74
3.0,74
42.3,74
19.9,74
1.3,74
34.9,74
2.9,74
6.1,74
1.5,74
4.7,74
22.4,74
38.6,74
7.7,74
2.7,74
79.0,74
5.7,74
15.8,74
4.7,74
1.3,74
4.2,74
12.1,74
13.4,74
1.0,74
38.8,74
2.9,74
46.0,74
14.6,74
5.1,74
3.0,74
16.4,74
5.7,74
9.8,74
173.6,74
31.2,74
12.3,74
11.1,74
24.2,84
11.2,84
5.2,84
2.4,84
8.5,84
3.6,84
5.6,84
4.1,84
8.6,84
17.3,84
11.8,84
2.0,84
41.4,84
37.8,84
3.3,84
7.6,84
17.8,84
1.2,84
11.6,84
1.9,84
6.3,84
14.5,84
0.9,84
6.2,84
3.8,84
11.4,84
54.5,84
42.8,84
0.7,84
10.0,84
64.7,84
64.9,84
0.5,84
7.4,84
30.6,84
159.8,84
121.2,84
12.0,84
2.9,84
4.2,84
21.6,84
18.4,84
7.1,84
26.7,84
14.4,84
4.2,84
18.4,84
16.3,84
3.7,84
5.7,84
22.8,84
25.8,84
20.4,84
2.4,84
57.7,84
6.4,84
1.6,84
108.3,84
4.0,84
6.2,84
65.6,84
5.3,84
1.4,84
16.6,84
14.7,84
7.2,84
14.8,84
5.2,84
6.2,84
0.6,84
1.9,84
1.0,84
14.5,84
42.6,84
0.6,84
17.4,84
0.9,84
795.7,84
798.9,84
26.3,84
55.7,84
3.4,84
20.9,84
42.6,84
4.8,84
51.1,84
18.8,84
12.0,84
14.6,84
115.7,84
15.2,84
15.5,84
8.0,84
19.0,84
3.4,84
2.9,84
10.1,84
34.3,84
7.8,84
16.8,84
3.0,84
15.6,84
173.9,84
0.7,84
7.9,84
7.5,84
0.5,84
26.7,84
3.3,84
7.1,84
0.5,84
0.9,84
4.9,84
12.6,84
8.9,84
2.0,84
5.6,84
3.6,84
15.9,84
133.8,84
14.4,84
1.1,84
2.9,84
26.2,84
21.1,84
93.6,84
20.1,84
16.9,84
34.7,84
62.5,84
3.9,84
0.5,84
5.5,84
10.3,84
1.0,84
6.0,84
116.9,84
5.1,84
4.2,84
47.5,84
11.6,84
8.4,84
30.6,84
6.0,84
4.4,84
2.1,84
17.4,84
23.6,84
54.7,84
8.7,84
15.5,84
1.4,84
1.2,84
35.9,84
15.7,84
16.8,84
2.3,84
7.5,84
61.2,84
8.3,84
2.7,84
1.4,84
15.6,84
2.7,84
11.8,84
32.9,84
35.2,84
7.6,84
3.6,84
366.5,84
3.4,84
14.0,84
4.2,84
4.1,84
12.6,84
12.1,84
14.2,84
0.9,84
10.5,84
6.6,84
36.5,84
8.5,84
0.5,84
16.9,84
14.3,84
3.7,84
7.0,84
220.7,84
60.6,84
12.6,84
9.8,84
21.7,91
9.1,91
7.6,91
6.4,91
8.7,91
5.8,91
16.2,91
4.6,91
1.1,91
15.5,91
19.6,91
3.3,91
39.0,91
184.2,91
9.0,91
14.1,91
4.0,91
0.6,91
10.3,91
4.7,91
2.4,91
10.6,91
3.7,91
1.4,91
4.9,91
10.0,91
18.5,91
57.5,91
1.0,91
13.1,91
13.4,91
41.9,91
1.4,91
2.2,91
32.0,91
70.6,91
62.9,91
8.6,91
2.7,91
8.0,91
18.9,91
18.4,91
7.9,91
17.0,91
33.6,91
8.0,91
21.8,91
18.8,91
2.0,91
5.3,91
65.1,91
19.1,91
6.3,91
1.7,91
40.5,91
12.2,91
3.5,91
132.4,91
5.4,91
15.3,91
9.6,91
4.0,91
12.0,91
31.6,91
51.7,91
5.3,91
3.9,91
6.4,91
2.7,91
0.9,91
4.4,91
2.7,91
21.6,91
20.0,91
2.0,91
26.0,91
0.5,91
149.1,91
911.7,91
35.8,91
42.2,91
2.1,91
19.4,91
20.0,91
11.2,91
16.9,91
18.2,91
6.3,91
8.8,91
0.5,91
41.5,91
8.2,91
19.2,91
12.1,91
19.9,91
5.6,91
2.7,91
7.7,91
22.9,91
7.1,91
20.9,91
4.7,91
9.9,91
46.9,91
0.9,91
15.1,91
30.6,91
0.5,91
61.6,91
4.5,91
12.5,91
0.5,91
0.8,91
12.6,91
2.8,91
8.4,91
7.8,91
1.5,91
8.5,91
10.8,91
11.7,91
92.2,91
15.4,91
0.5,91
9.9,91
21.4,91
13.9,91
109.2,91
13.9,91
9.9,91
32.2,91
61.4,91
4.4,91
5.1,91
3.4,91
5.1,91
8.0,91
7.4,91
76.6,91
18.8,91
2.7,91
47.5,91
9.4,91
28.8,91
25.6,91
5.1,91
1.0,91
3.1,91
1.7,91
16.1,91
7.0,91
65.2,91
33.4,91
14.9,91
3.6,91
4.4,91
18.5,91
23.0,91
20.0,91
3.3,91
6.7,91
27.2,91
57.4,91
11.3,91
11.5,91
1.5,91
49.0,91
1.6,91
15.7,91
34.2,91
20.9,91
7.7,91
7.1,91
79.7,91
4.5,91
10.2,91
3.8,91
5.2,91
12.2,91
28.1,91
19.1,91
1.3,91
38.5,91
11.6,91
36.3,91
6.4,91
0.5,91
6.5,91
9.7,91
2.7,91
7.3,91
47.9,91
28.3,91
17.7,91
22.4,91
15.5,97
8.7,97
6.7,97
5.6,97
9.8,97
4.7,97
3.9,97
7.1,97
7.6,97
23.0,97
17.6,97
2.1,97
102.4,97
68.6,97
2.5,97
11.5,97
4.4,97
0.9,97
9.0,97
5.2,97
4.2,97
9.8,97
5.1,97
14.2,97
9.1,97
11.8,97
20.3,97
47.4,97
1.2,97
17.7,97
20.8,97
27.6,97
14.4,97
1.6,97
32.6,97
148.2,97
182.6,97
13.7,97
3.4,97
14.4,97
15.6,97
25.9,97
2.9,97
16.9,97
26.5,97
14.4,97
6.0,97
25.7,97
1.8,97
15.5,97
17.4,97
25.4,97
11.2,97
1.2,97
44.1,97
23.3,97
6.2,97
89.6,97
2.6,97
24.4,97
34.6,97
5.4,97
11.5,97
28.9,97
25.0,97
6.4,97
6.1,97
1.5,97
5.2,97
0.7,97
3.4,97
2.1,97
37.0,97
37.2,97
2.3,97
31.4,97
0.7,97
283.3,97
785.8,97
32.2,97
27.8,97
4.4,97
22.3,97
37.2,97
17.8,97
6.4,97
22.8,97
9.4,97
6.7,97
0.5,97
41.8,97
8.7,97
20.2,97
15.6,97
21.6,97
52.2,97
0.7,97
2.4,97
11.9,97
12.0,97
4.3,97
3.0,97
5.9,97
51.8,97
1.0,97
7.4,97
19.0,97
1.1,97
35.0,97
4.2,97
12.2,97
0.5,97
1.0,97
15.5,97
0.9,97
12.1,97
11.2,97
22.4,97
3.3,97
9.9,97
18.5,97
106.2,97
3.9,97
1.2,97
2.9,97
14.0,97
10.8,97
28.8,97
21.0,97
3.7,97
59.4,97
72.9,97
3.5,97
25.3,97
9.7,97
5.6,97
4.9,97
5.8,97
151.3,97
28.2,97
5.2,97
48.0,97
10.0,97
28.8,97
34.7,97
4.5,97
1.5,97
1.8,97
1.0,97
30.5,97
5.2,97
24.8,97
23.5,97
23.3,97
2.4,97
1.6,97
19.6,97
19.9,97
39.5,97
1.1,97
5.7,97
10.3,97
43.8,97
5.8,97
23.8,97
1.6,97
63.6,97
3.0,97
32.8,97
32.0,97
23.7,97
11.0,97
4.6,97
16.9,97
3.8,97
13.6,97
3.0,97
1.5,97
19.9,97
46.0,97
10.3,97
0.7,97
19.4,97
15.6,97
47.1,97
4.2,97
0.5,97
10.3,97
14.7,97
3.2,97
26.2,97
67.4,97
33.4,97
12.2,97
14.0,97
14.7,100
14.4,100
7.0,100
12.8,100
11.4,100
4.1,100
2.5,100
8.3,100
3.3,100
31.5,100
9.6,100
3.4,100
64.0,100
73.5,100
2.7,100
10.2,100
9.2,100
0.7,100
12.1,100
4.8,100
3.1,100
14.0,100
14.8,100
24.9,100
10.2,100
17.4,100
69.6,100
62.1,100
1.7,100
27.9,100
117.7,100
28.1,100
6.4,100
7.6,100
50.1,100
81.4,100
21.4,100
12.8,100
2.3,100
12.2,100
26.9,100
64.1,100
17.3,100
9.4,100
12.5,100
12.2,100
5.9,100
17.6,100
2.1,100
11.2,100
32.2,100
25.6,100
28.9,100
0.9,100
32.1,100
6.4,100
16.8,100
114.3,100
1.9,100
7.3,100
6.2,100
5.1,100
8.6,100
27.9,100
18.0,100
16.0,100
3.8,100
2.4,100
2.4,100
0.5,100
3.9,100
4.0,100
25.7,100
45.4,100
0.7,100
23.4,100
1.1,100
435.6,100
853.1,100
22.1,100
36.2,100
3.6,100
21.9,100
45.4,100
4.3,100
8.4,100
21.2,100
4.0,100
6.1,100
0.5,100
38.0,100
3.4,100
24.1,100
9.0,100
21.2,100
32.9,100
1.4,100
3.1,100
9.9,100
18.3,100
4.6,100
4.1,100
4.1,100
76.7,100
1.1,100
13.2,100
20.7,100
0.5,100
40.7,100
3.4,100
7.0,100
0.5,100
1.8,100
30.4,100
4.4,100
10.0,100
11.3,100
4.7,100
8.7,100
12.7,100
18.9,100
172.2,100
3.6,100
0.5,100
4.1,100
63.0,100
18.7,100
77.2,100
14.6,100
1.1,100
51.4,100
31.2,100
2.8,100
25.5,100
24.9,100
5.0,100
9.2,100
6.4,100
119.7,100
25.7,100
4.1,100
75.2,100
12.3,100
14.9,100
26.1,100
5.5,100
1.3,100
2.8,100
2.7,100
30.4,100
6.9,100
35.2,100
30.4,100
22.1,100
4.6,100
1.3,100
13.0,100
19.2,100
51.5,100
0.6,100
5.8,100
90.6,100
53.4,100
2.7,100
22.3,100
1.5,100
38.3,100
2.8,100
2.6,100
21.3,100
25.8,100
10.7,100
3.2,100
12.0,100
4.3,100
16.4,100
1.7,100
2.0,100
14.0,100
17.4,100
8.1,100
1.0,100
37.5,100
9.7,100
51.4,100
6.6,100
0.5,100
2.9,100
8.3,100
2.4,100
28.7,100
160.8,100
30.8,100
14.8,100
16.5,100
11.2,99
13.8,99
9.9,99
4.4,99
10.6,99
6.2,99
6.7,99
4.3,99
4.8,99
3.6,99
6.3,99
4.4,99
64.0,99
16.5,99
4.9,99
1.7,99
5.2,99
0.7,99
8.0,99
3.4,99
11.4,99
21.9,99
6.2,99
7.4,99
5.4,99
13.1,99
136.9,99
39.5,99
5.6,99
15.0,99
47.6,99
13.7,99
13.0,99
0.5,99
63.7,99
102.7,99
36.2,99
16.6,99
4.0,99
82.8,99
23.2,99
24.4,99
3.3,99
6.4,99
16.7,99
82.8,99
1.6,99
13.1,99
1.9,99
2.0,99
12.0,99
7.1,99
19.0,99
3.0,99
35.8,99
1.0,99
9.1,99
44.4,99
1.7,99
1.9,99
93.2,99
5.9,99
20.6,99
20.4,99
3.5,99
17.0,99
9.7,99
2.5,99
8.0,99
1.2,99
5.3,99
2.8,99
24.2,99
39.2,99
0.7,99
6.4,99
0.5,99
136.9,99
453.9,99
14.1,99
26.9,99
2.5,99
12.2,99
39.2,99
16.7,99
10.8,99
7.6,99
8.0,99
5.3,99
0.5,99
38.9,99
2.1,99
11.0,99
3.5,99
4.6,99
7.8,99
0.8,99
7.9,99
8.9,99
2.6,99
9.1,99
6.6,99
6.1,99
137.5,99
0.9,99
22.4,99
354.4,99
0.5,99
58.9,99
2.6,99
19.6,99
0.5,99
2.4,99
23.3,99
2.9,99
14.5,99
16.1,99
6.1,99
1.2,99
9.8,99
7.6,99
67.3,99
8.0,99
0.8,99
2.6,99
61.6,99
14.9,99
7.3,99
13.9,99
0.5,99
40.5,99
46.4,99
2.7,99
13.3,99
5.0,99
3.7,99
3.9,99
7.5,99
113.9,99
2.4,99
13.1,99
83.4,99
40.7,99
10.8,99
33.6,99
5.5,99
1.7,99
2.3,99
0.9,99
29.7,99
5.9,99
38.4,99
16.4,99
11.4,99
4.7,99
1.2,99
12.4,99
4.4,99
25.3,99
2.8,99
11.1,99
18.3,99
11.1,99
3.2,99
20.4,99
1.6,99
36.8,99
2.8,99
0.6,99
10.3,99
4.6,99
7.4,99
3.5,99
33.8,99
5.2,99
14.8,99
1.6,99
3.8,99
6.6,99
28.9,99
17.0,99
1.7,99
43.7,99
9.7,99
81.6,99
6.4,99
0.6,99
3.7,99
5.7,99
3.5,99
7.9,99
292.8,99
23.5,99
13.7,99
22.5,99
13.1,96
7.4,96
9.3,96
5.2,96
12.4,96
4.0,96
12.4,96
8.0,96
1.8,96
6.0,96
17.0,96
4.9,96
30.0,96
7.1,96
3.0,96
1.1,96
9.9,96
1.9,96
9.0,96
3.8,96
2.8,96
4.3,96
15.4,96
11.4,96
2.4,96
10.9,96
26.5,96
31.0,96
4.6,96
19.9,96
30.4,96
17.8,96
7.1,96
5.9,96
9.9,96
26.9,96
115.5,96
8.3,96
3.6,96
18.1,96
13.3,96
12.7,96
1.5,96
7.2,96
10.6,96
18.1,96
4.9,96
14.9,96
2.0,96
3.0,96
41.2,96
11.1,96
28.6,96
1.7,96
26.5,96
0.5,96
2.0,96
26.2,96
2.3,96
1.1,96
69.3,96
5.2,96
35.2,96
24.0,96
11.1,96
7.0,96
23.6,96
3.1,96
4.0,96
1.0,96
27.3,96
3.2,96
29.3,96
51.7,96
0.7,96
6.4,96
1.1,96
151.6,96
671.2,96
25.9,96
16.9,96
5.8,96
6.8,96
51.7,96
28.5,96
11.6,96
5.0,96
30.3,96
11.6,96
0.5,96
41.8,96
4.8,96
15.8,96
2.4,96
3.3,96
14.1,96
1.1,96
9.9,96
20.6,96
1.4,96
21.9,96
40.6,96
2.8,96
144.4,96
0.8,96
24.3,96
65.7,96
0.5,96
95.9,96
6.9,96
21.1,96
0.5,96
0.9,96
38.6,96
0.8,96
3.7,96
17.0,96
4.9,96
1.8,96
6.5,96
17.0,96
34.4,96
11.3,96
7.6,96
3.1,96
13.0,96
7.2,96
16.4,96
4.8,96
1.7,96
31.1,96
76.4,96
1.3,96
13.6,96
2.7,96
4.3,96
8.0,96
7.5,96
42.7,96
6.1,96
22.0,96
83.4,96
2.1,96
2.0,96
12.3,96
5.5,96
1.7,96
4.7,96
7.0,96
23.8,96
11.0,96
32.8,96
18.6,96
6.0,96
4.6,96
2.6,96
15.4,96
4.8,96
36.3,96
2.3,96
5.1,96
7.3,96
27.1,96
1.7,96
21.6,96
2.6,96
51.4,96
4.1,96
1.1,96
28.3,96
3.0,96
5.2,96
2.9,96
123.3,96
6.4,96
5.1,96
5.0,96
5.5,96
9.9,96
3.4,96
17.7,96
0.5,96
34.3,96
1.5,96
49.4,96
6.3,96
1.5,96
5.1,96
10.2,96
4.4,96
16.1,96
141.3,96
28.1,96
14.3,96
16.4,96
20.3,91
7.7,91
9.5,91
7.5,91
11.6,91
2.2,91
3.8,91
1.2,91
4.9,91
19.7,91
24.4,91
1.0,91
37.3,91
6.0,91
3.3,91
7.4,91
8.8,91
1.2,91
15.6,91
3.9,91
3.5,91
13.3,91
2.3,91
11.2,91
3.8,91
9.3,91
31.3,91
48.6,91
3.8,91
44.9,91
34.6,91
26.9,91
11.2,91
8.5,91
125.1,91
11.3,91
287.6,91
9.0,91
2.6,91
51.9,91
24.2,91
9.3,91
1.7,91
9.2,91
18.6,91
51.9,91
11.4,91
11.6,91
3.0,91
1.7,91
8.8,91
18.4,91
11.6,91
1.7,91
26.2,91
1.5,91
6.6,91
25.0,91
4.8,91
1.5,91
8.4,91
5.7,91
32.9,91
2.8,91
20.0,91
6.5,91
14.9,91
3.5,91
3.1,91
1.8,91
7.7,91
5.4,91
21.0,91
42.7,91
0.5,91
43.0,91
0.5,91
81.3,91
142.2,91
19.5,91
23.2,91
2.4,91
6.9,91
42.7,91
30.0,91
9.8,91
8.6,91
9.4,91
11.7,91
0.7,91
35.4,91
13.3,91
30.4,91
2.8,91
3.2,91
29.9,91
2.3,91
6.4,91
11.1,91
7.3,91
17.8,91
3.7,91
9.4,91
206.3,91
0.8,91
10.8,91
70.6,91
0.5,91
96.6,91
3.8,91
6.8,91
0.5,91
1.3,91
36.9,91
0.8,91
7.3,91
16.8,91
5.4,91
4.3,91
13.6,91
3.3,91
204.5,91
11.1,91
0.7,91
2.6,91
17.0,91
7.0,91
62.5,91
13.1,91
1.8,91
58.2,91
85.5,91
1.5,91
9.7,91
6.3,91
3.8,91
12.6,91
8.2,91
19.1,91
20.8,91
12.3,91
38.9,91
6.7,91
2.2,91
36.0,91
2.6,91
2.5,91
2.5,91
9.3,91
16.0,91
9.9,91
35.7,91
32.7,91
32.3,91
6.0,91
5.5,91
109.6,91
11.2,91
26.7,91
0.9,91
3.8,91
5.3,91
61.0,91
6.2,91
22.2,91
2.2,91
50.0,91
5.2,91
2.1,91
22.3,91
4.5,91
7.3,91
2.5,91
56.1,91
4.1,91
10.9,91
4.7,91
3.7,91
20.6,91
12.4,91
17.6,91
1.5,91
62.0,91
4.3,91
29.1,91
25.4,91
7.7,91
2.7,91
17.6,91
6.9,91
100.2,91
89.3,91
25.8,91
6.0,91
8.4,91
11.3,84
13.6,84
23.4,84
6.9,84
10.5,84
1.8,84
5.9,84
0.6,84
2.3,84
17.7,84
2.7,84
4.6,84
40.7,84
4.0,84
4.1,84
10.6,84
3.1,84
1.9,84
13.3,84
2.5,84
2.7,84
12.7,84
18.6,84
41.5,84
9.9,84
29.8,84
48.0,84
61.1,84
2.2,84
44.6,84
34.2,84
36.0,84
17.7,84
1.0,84
480.7,84
56.0,84
47.2,84
7.9,84
7.4,84
7.5,84
15.8,84
22.5,84
6.8,84
7.4,84
2.0,84
7.5,84
2.9,84
5.6,84
4.0,84
3.5,84
26.1,84
19.0,84
12.0,84
1.7,84
22.2,84
1.9,84
12.3,84
16.7,84
3.9,84
65.3,84
4.4,84
4.6,84
16.1,84
5.3,84
1.7,84
7.5,84
4.8,84
5.3,84
3.7,84
0.9,84
3.3,84
2.8,84
27.4,84
73.7,84
0.8,84
28.0,84
0.6,84
151.3,84
717.0,84
12.4,84
22.3,84
3.4,84
16.3,84
73.7,84
29.0,84
14.2,84
11.8,84
11.0,84
6.7,84
0.5,84
58.4,84
8.5,84
26.1,84
18.9,84
7.1,84
102.1,84
1.7,84
12.8,84
3.8,84
20.6,84
3.0,84
3.0,84
5.5,84
128.9,84
0.9,84
5.9,84
20.3,84
1.0,84
62.8,84
7.6,84
4.1,84
0.5,84
1.1,84
23.7,84
2.0,84
10.0,84
18.0,84
4.9,84
4.0,84
14.4,84
6.7,84
50.0,84
1.5,84
0.9,84
10.7,84
5.9,84
6.5,84
48.1,84
19.3,84
0.7,84
50.5,84
58.8,84
2.2,84
1.5,84
2.4,84
5.3,84
21.7,84
5.4,84
2.4,84
11.5,84
6.8,84
62.7,84
12.0,84
2.4,84
28.3,84
1.0,84
3.6,84
4.0,84
7.8,84
36.9,84
1.8,84
60.8,84
46.1,84
11.6,84
4.1,84
5.1,84
161.7,84
6.6,84
35.0,84
0.5,84
6.7,84
74.9,84
141.6,84
8.4,84
27.3,84
1.2,84
70.6,84
3.9,84
3.1,84
1.9,84
8.0,84
9.6,84
1.0,84
260.7,84
3.3,84
18.8,84
4.2,84
4.6,84
23.1,84
9.1,84
19.1,84
1.3,84
27.4,84
5.9,84
30.7,84
3.1,84
0.7,84
8.9,84
10.7,84
5.0,84
30.0,84
131.6,84
24.1,84
14.5,84
22.5,84
16.2,75
21.6,75
12.5,75
4.3,75
9.6,75
2.4,75
1.8,75
1.8,75
0.5,75
5.5,75
2.7,75
4.0,75
31.9,75
5.3,75
2.2,75
2.1,75
3.1,75
3.1,75
14.4,75
2.3,75
1.6,75
6.6,75
15.6,75
6.9,75
7.1,75
15.3,75
96.3,75
61.0,75
3.0,75
50.6,75
12.6,75
17.0,75
21.7,75
0.7,75
664.7,75
37.5,75
61.6,75
26.4,75
1.7,75
28.5,75
2.2,75
21.4,75
5.7,75
8.8,75
6.2,75
28.5,75
2.3,75
6.5,75
3.4,75
25.4,75
22.2,75
9.0,75
24.2,75
0.8,75
20.1,75
0.6,75
13.5,75
12.9,75
5.5,75
2.5,75
48.1,75
3.1,75
16.5,75
5.3,75
4.0,75
18.0,75
8.3,75
3.3,75
6.5,75
0.5,75
3.9,75
4.1,75
28.7,75
53.4,75
10.1,75
8.0,75
0.5,75
201.4,75
777.3,75
20.9,75
14.5,75
2.4,75
9.3,75
53.4,75
7.9,75
39.9,75
11.3,75
29.3,75
8.6,75
0.5,75
26.3,75
10.2,75
26.3,75
1.1,75
16.9,75
44.4,75
1.2,75
9.8,75
17.6,75
1.8,75
9.1,75
4.6,75
16.6,75
155.8,75
1.1,75
6.6,75
13.3,75
0.5,75
105.3,75
5.5,75
18.5,75
0.5,75
1.5,75
13.8,75
12.1,75
14.1,75
11.8,75
4.2,75
1.7,75
7.6,75
6.3,75
157.0,75
1.7,75
2.7,75
14.5,75
51.5,75
21.1,75
0.8,75
20.9,75
1.0,75
50.0,75
70.5,75
1.8,75
0.7,75
1.5,75
7.4,75
2.7,75
6.1,75
5.1,75
2.9,75
12.1,75
47.6,75
23.4,75
1.5,75
20.3,75
4.0,75
3.9,75
2.8,75
1.6,75
10.0,75
2.7,75
58.4,75
60.2,75
4.3,75
4.2,75
3.5,75
41.3,75
7.1,75
26.4,75
0.5,75
6.5,75
66.2,75
3.2,75
11.4,75
43.9,75
1.4,75
41.2,75
2.7,75
0.6,75
18.1,75
7.7,75
8.7,75
2.9,75
150.7,75
3.6,75
24.1,75
2.8,75
3.2,75
16.4,75
99.6,75
30.5,75
0.6,75
12.4,75
1.9,75
30.1,75
2.3,75
0.5,75
2.5,75
15.3,75
5.3,75
75.9,75
89.2,75
53.5,75
15.7,75
15.8,75
14.1,65
39.2,65
10.6,65
7.6,65
10.7,65
1.7,65
1.4,65
2.2,65
2.0,65
5.4,65
4.4,65
1.4,65
36.4,65
23.0,65
1.2,65
1.6,65
5.8,65
2.5,65
10.6,65
4.6,65
2.2,65
24.9,65
14.2,65
15.4,65
6.8,65
14.4,65
192.6,65
47.9,65
2.2,65
75.2,65
17.1,65
18.6,65
22.1,65
2.5,65
33.2,65
19.8,65
113.6,65
20.0,65
3.3,65
5.5,65
3.7,65
25.1,65
3.1,65
6.5,65
4.6,65
5.5,65
1.1,65
8.0,65
1.4,65
4.0,65
20.0,65
11.2,65
11.0,65
1.0,65
36.4,65
0.5,65
15.3,65
22.1,65
3.1,65
0.5,65
84.5,65
3.8,65
18.0,65
5.8,65
2.7,65
18.0,65
11.8,65
0.9,65
22.1,65
1.5,65
6.5,65
2.1,65
6.9,65
39.1,65
2.9,65
8.7,65
0.5,65
171.5,65
818.7,65
1.0,65
13.6,65
2.2,65
51.1,65
39.1,65
14.3,65
2.5,65
23.5,65
15.1,65
6.8,65
0.5,65
21.5,65
15.5,65
28.1,65
0.5,65
16.9,65
23.1,65
3.0,65
8.6,65
25.2,65
1.2,65
5.4,65
5.6,65
9.6,65
112.7,65
0.8,65
5.9,65
12.6,65
0.5,65
107.5,65
2.9,65
17.8,65
0.5,65
3.2,65
29.7,65
7.2,65
12.2,65
18.1,65
3.0,65
4.6,65
20.2,65
23.3,65
8.1,65
4.7,65
2.6,65
3.9,65
148.5,65
26.3,65
10.0,65
24.4,65
2.8,65
58.4,65
33.1,65
0.7,65
1.4,65
5.5,65
4.9,65
8.2,65
5.4,65
7.4,65
4.5,65
9.5,65
35.3,65
18.5,65
2.6,65
21.2,65
1.3,65
1.0,65
0.9,65
2.4,65
9.3,65
4.3,65
86.4,65
45.5,65
12.2,65
9.2,65
4.2,65
61.3,65
5.5,65
36.0,65
2.1,65
3.6,65
74.6,65
13.5,65
39.6,65
37.7,65
1.7,65
34.0,65
0.9,65
0.9,65
28.3,65
10.8,65
9.7,65
2.2,65
180.4,65
4.5,65
8.5,65
2.0,65
1.3,65
5.3,65
99.6,65
7.6,65
0.7,65
23.6,65
2.8,65
45.2,65
5.4,65
0.9,65
2.3,65
12.2,65
6.0,65
100.5,65
136.5,65
21.3,65
24.6,65
11.5,65
15.4,56
18.9,56
7.8,56
5.9,56
7.9,56
5.1,56
2.8,56
3.2,56
0.5,56
9.9,56
3.1,56
1.8,56
46.8,56
69.1,56
8.3,56
2.9,56
11.7,56
3.1,56
24.5,56
3.5,56
2.9,56
15.9,56
16.2,56
7.6,56
5.5,56
8.8,56
45.5,56
52.4,56
2.5,56
70.3,56
11.0,56
47.9,56
3.5,56
0.5,56
428.2,56
37.5,56
311.2,56
8.7,56
4.0,56
6.2,56
31.0,56
47.0,56
7.6,56
13.2,56
7.7,56
6.2,56
2.6,56
13.1,56
5.3,56
3.2,56
14.0,56
16.1,56
6.0,56
0.7,56
17.9,56
0.7,56
6.7,56
21.6,56
2.5,56
0.6,56
170.4,56
5.3,56
43.7,56
6.9,56
7.7,56
6.0,56
14.1,56
2.5,56
36.1,56
0.6,56
3.4,56
1.8,56
10.3,56
56.8,56
7.3,56
14.1,56
0.5,56
110.5,56
1059.6,56
34.0,56
16.1,56
2.6,56
13.0,56
56.8,56
5.3,56
4.8,56
11.5,56
4.8,56
6.6,56
0.5,56
24.3,56
3.9,56
28.8,56
2.8,56
11.5,56
13.4,56
2.0,56
5.7,56
24.9,56
1.8,56
8.0,56
9.9,56
3.1,56
248.6,56
0.5,56
14.8,56
14.7,56
1.2,56
90.7,56
2.0,56
15.7,56
0.5,56
1.8,56
23.1,56
0.9,56
7.9,56
23.5,56
8.8,56
4.0,56
13.4,56
7.5,56
27.7,56
8.9,56
1.6,56
11.9,56
217.2,56
14.6,56
32.7,56
13.8,56
0.5,56
67.3,56
135.5,56
2.0,56
1.7,56
1.6,56
5.8,56
19.2,56
4.7,56
12.3,56
6.8,56
48.0,56
48.4,56
11.0,56
1.1,56
41.1,56
6.6,56
8.8,56
8.3,56
1.8,56
20.1,56
10.6,56
36.3,56
76.6,56
13.9,56
10.5,56
2.2,56
7.1,56
13.3,56
32.4,56
5.0,56
6.0,56
5.1,56
28.8,56
65.7,56
18.2,56
1.3,56
46.1,56
2.0,56
0.6,56
36.0,56
16.1,56
5.5,56
3.4,56
71.0,56
3.5,56
9.7,56
2.1,56
1.7,56
15.3,56
22.7,56
5.0,56
0.7,56
31.4,56
1.5,56
16.9,56
8.1,56
1.1,56
32.2,56
11.1,56
4.2,56
30.9,56
90.5,56
46.2,56
11.3,56
9.8,56
17.8,46
18.8,46
6.8,46
8.0,46
11.3,46
2.7,46
8.2,46
3.2,46
0.7,46
3.9,46
5.8,46
2.3,46
23.3,46
97.0,46
4.4,46
0.5,46
13.3,46
1.5,46
12.9,46
1.6,46
2.3,46
21.0,46
9.9,46
6.7,46
5.9,46
10.2,46
88.8,46
28.7,46
1.8,46
73.8,46
66.3,46
25.9,46
2.3,46
0.6,46
289.6,46
27.4,46
216.6,46
11.7,46
3.2,46
3.3,46
43.1,46
17.3,46
3.7,46
12.5,46
5.4,46
3.3,46
0.8,46
29.7,46
3.5,46
3.3,46
17.0,46
15.6,46
9.9,46
0.6,46
24.3,46
0.5,46
6.6,46
17.7,46
2.5,46
0.5,46
262.4,46
2.2,46
44.4,46
6.9,46
1.4,46
14.0,46
6.0,46
10.6,46
51.7,46
0.5,46
3.5,46
3.3,46
10.6,46
39.7,46
22.0,46
5.1,46
0.7,46
78.0,46
566.1,46
36.9,46
25.7,46
5.6,46
11.2,46
39.7,46
5.7,46
5.0,46
9.5,46
4.7,46
10.4,46
0.5,46
29.4,46
3.2,46
15.1,46
0.5,46
23.7,46
6.9,46
1.1,46
7.2,46
16.5,46
0.5,46
10.8,46
10.4,46
4.3,46
75.7,46
3.3,46
4.8,46
18.4,46
0.9,46
59.7,46
2.9,46
2.3,46
0.5,46
1.0,46
45.2,46
3.6,46
18.0,46
21.0,46
6.5,46
27.3,46
8.4,46
17.5,46
95.9,46
9.1,46
0.9,46
12.1,46
109.9,46
8.4,46
12.4,46
17.8,46
0.5,46
31.5,46
202.6,46
3.2,46
0.5,46
11.2,46
6.7,46
5.4,46
5.2,46
63.1,46
0.5,46
29.0,46
24.0,46
10.2,46
0.6,46
21.0,46
2.4,46
4.5,46
5.3,46
2.4,46
33.1,46
9.6,46
41.1,46
60.2,46
20.3,46
4.1,46
0.7,46
14.8,46
5.8,46
21.9,46
2.0,46
4.8,46
35.8,46
19.9,46
44.2,46
15.6,46
1.4,46
42.7,46
1.5,46
0.5,46
18.6,46
16.1,46
4.6,46
5.2,46
46.4,46
15.5,46
16.7,46
2.4,46
7.4,46
8.2,46
96.6,46
14.9,46
0.5,46
17.9,46
0.5,46
53.0,46
13.2,46
3.2,46
3.4,46
7.9,46
3.1,46
8.9,46
39.6,46
70.8,46
13.3,46
11.7,46
26.3,36
15.0,36
4.8,36
9.4,36
12.3,36
4.5,36
3.4,36
5.4,36
4.9,36
2.2,36
6.5,36
1.9,36
27.6,36
97.6,36
7.0,36
0.5,36
13.3,36
1.1,36
23.7,36
3.0,36
4.0,36
4.6,36
14.0,36
6.0,36
7.4,36
7.3,36
40.0,36
30.5,36
2.7,36
56.2,36
50.4,36
19.3,36
0.7,36
2.5,36
295.5,36
35.7,36
14.6,36
1.3,36
3.8,36
5.6,36
17.3,36
1.8,36
7.1,36
20.2,36
9.7,36
5.6,36
0.6,36
36.8,36
3.6,36
6.7,36
8.5,36
14.2,36
9.4,36
0.5,36
46.6,36
0.5,36
12.9,36
36.7,36
2.6,36
0.9,36
58.3,36
2.0,36
18.7,36
2.7,36
2.5,36
5.8,36
20.2,36
8.9,36
47.0,36
0.6,36
2.2,36
1.4,36
4.5,36
10.7,36
1.5,36
5.5,36
0.5,36
101.5,36
492.2,36
34.8,36
28.6,36
16.6,36
12.6,36
10.7,36
2.0,36
4.7,36
9.5,36
9.1,36
8.5,36
0.5,36
31.1,36
7.1,36
12.2,36
0.5,36
9.6,36
12.1,36
1.1,36
5.8,36
18.1,36
0.5,36
16.3,36
33.8,36
7.3,36
109.4,36
2.6,36
20.4,36
30.4,36
0.5,36
65.6,36
3.0,36
1.7,36
0.6,36
1.4,36
19.2,36
8.7,36
4.0,36
8.7,36
5.9,36
3.0,36
7.4,36
19.6,36
80.6,36
18.5,36
0.9,36
13.4,36
27.1,36
12.4,36
28.4,36
6.9,36
0.5,36
32.4,36
137.1,36
2.1,36
6.7,36
16.8,36
6.6,36
2.7,36
6.7,36
79.9,36
1.6,36
33.0,36
26.9,36
0.5,36
0.5,36
13.7,36
4.6,36
5.4,36
9.7,36
2.2,36
37.8,36
27.8,36
44.8,36
57.8,36
2.5,36
2.9,36
0.8,36
18.3,36
2.0,36
6.8,36
0.5,36
6.2,36
22.9,36
17.8,36
51.2,36
31.3,36
1.5,36
36.0,36
3.0,36
0.5,36
22.6,36
19.9,36
6.6,36
5.3,36
348.2,36
13.5,36
5.9,36
2.6,36
8.0,36
15.7,36
55.4,36
13.2,36
1.9,36
13.9,36
0.5,36
33.5,36
17.2,36
5.4,36
7.2,36
8.0,36
5.1,36
9.2,36
60.3,36
57.0,36
13.1,36
21.3,36
11.8,28
6.9,28
15.2,28
12.8,28
6.2,28
3.7,28
4.0,28
1.0,28
1.2,28
5.1,28
0.5,28
1.5,28
27.1,28
118.1,28
6.0,28
0.8,28
19.0,28
1.9,28
32.1,28
6.9,28
2.0,28
7.1,28
4.0,28
18.8,28
6.6,28
5.7,28
204.1,28
32.2,28
4.7,28
69.1,28
45.3,28
21.3,28
0.5,28
2.7,28
229.5,28
36.2,28
71.6,28
6.2,28
3.6,28
3.0,28
9.9,28
30.4,28
7.6,28
14.6,28
4.8,28
3.0,28
5.4,28
21.8,28
3.2,28
4.7,28
24.1,28
11.7,28
15.6,28
0.9,28
52.8,28
0.5,28
6.5,28
41.0,28
2.3,28
3.3,28
28.6,28
2.9,28
1.1,28
0.8,28
7.7,28
28.1,28
6.9,28
4.2,28
47.6,28
2.3,28
2.1,28
3.1,28
6.9,28
42.4,28
1.2,28
4.9,28
2.0,28
184.6,28
409.7,28
20.8,28
44.5,28
8.4,28
14.0,28
42.4,28
1.9,28
9.5,28
11.8,28
14.3,28
4.8,28
0.7,28
44.8,28
13.1,28
32.5,28
0.5,28
6.0,28
7.3,28
1.3,28
15.5,28
23.5,28
0.7,28
10.6,28
10.2,28
7.7,28
132.7,28
1.0,28
19.2,28
17.3,28
0.5,28
124.7,28
2.9,28
35.7,28
0.5,28
4.2,28
37.7,28
7.8,28
7.9,28
7.3,28
5.1,28
8.1,28
9.9,28
3.3,28
109.0,28
2.2,28
0.7,28
5.1,28
88.3,28
23.1,28
33.3,28
5.7,28
2.7,28
43.6,28
84.6,28
3.4,28
45.7,28
3.9,28
7.9,28
4.8,28
5.2,28
16.5,28
26.4,28
26.3,28
25.4,28
6.8,28
0.8,28
11.8,28
3.9,28
3.4,28
6.1,28
4.2,28
29.5,28
13.6,28
55.5,28
8.3,28
12.1,28
2.9,28
11.1,28
115.8,28
5.0,28
20.6,28
0.6,28
4.0,28
15.0,28
19.6,28
65.3,28
22.7,28
3.5,28
41.6,28
2.3,28
1.1,28
28.2,28
7.8,28
8.2,28
3.5,28
82.7,28
4.5,28
8.8,28
2.3,28
3.5,28
23.8,28
31.2,28
12.0,28
1.3,28
22.0,28
0.9,28
42.1,28
31.8,28
3.6,28
11.6,28
6.4,28
3.2,28
9.4,28
37.3,28
22.2,28
12.8,28
16.4,28
7.5,20
14.2,20
16.8,20
9.4,20
7.1,20
1.8,20
4.7,20
1.5,20
2.5,20
6.5,20
1.2,20
6.1,20
45.2,20
219.9,20
2.5,20
1.7,20
20.1,20
1.4,20
18.1,20
8.1,20
1.0,20
6.7,20
34.3,20
14.1,20
4.6,20
5.1,20
160.9,20
38.4,20
4.4,20
61.0,20
65.1,20
15.9,20
1.4,20
2.9,20
176.6,20
10.1,20
237.3,20
4.1,20
2.7,20
3.8,20
5.1,20
25.9,20
5.1,20
22.1,20
11.1,20
3.8,20
6.7,20
7.4,20
1.5,20
6.3,20
31.6,20
13.6,20
14.3,20
0.7,20
35.0,20
0.6,20
7.4,20
45.6,20
2.1,20
1.7,20
17.5,20
3.1,20
12.2,20
28.5,20
3.7,20
20.0,20
22.3,20
5.1,20
97.3,20
9.1,20
5.8,20
2.4,20
10.2,20
16.5,20
15.5,20
21.4,20
0.5,20
141.6,20
750.2,20
21.5,20
16.4,20
2.7,20
16.9,20
16.5,20
3.4,20
2.7,20
11.2,20
6.8,20
7.1,20
1.1,20
43.5,20
7.4,20
33.1,20
2.6,20
14.6,20
51.9,20
2.6,20
17.0,20
21.6,20
3.0,20
22.3,20
31.6,20
5.4,20
117.0,20
0.5,20
22.1,20
24.3,20
0.5,20
107.9,20
5.6,20
3.0,20
0.5,20
3.3,20
50.3,20
3.4,20
3.7,20
9.2,20
9.6,20
19.5,20
12.7,20
11.2,20
83.9,20
18.6,20
2.3,20
15.8,20
77.6,20
47.1,20
130.7,20
8.7,20
1.4,20
47.3,20
60.7,20
4.9,20
10.4,20
2.9,20
4.6,20
18.7,20
6.0,20
54.0,20
45.2,20
61.4,20
44.3,20
1.8,20
1.3,20
24.2,20
1.8,20
1.7,20
4.1,20
2.2,20
58.7,20
16.5,20
57.4,20
75.0,20
8.6,20
1.1,20
2.1,20
96.6,20
9.5,20
31.2,20
0.9,20
2.4,20
67.5,20
32.2,20
92.5,20
30.1,20
2.4,20
36.4,20
2.0,20
2.1,20
40.3,20
14.0,20
6.4,20
2.0,20
62.0,20
4.3,20
5.2,20
1.8,20
6.9,20
16.3,20
7.7,20
23.6,20
1.5,20
16.9,20
2.2,20
26.9,20
7.5,20
0.5,20
2.4,20
4.0,20
2.8,20
6.9,20
32.2,20
23.4,20
32.7,20
23.3,20
18.7,13
5.7,13
27.0,13
6.7,13
9.0,13
2.3,13
1.9,13
1.3,13
4.7,13
12.4,13
2.2,13
5.0,13
38.3,13
205.4,13
2.8,13
14.2,13
12.1,13
1.0,13
14.7,13
7.6,13
3.3,13
20.5,13
34.2,13
2.5,13
3.0,13
13.7,13
113.0,13
38.1,13
3.2,13
75.6,13
79.0,13
13.2,13
4.0,13
0.5,13
166.2,13
17.5,13
385.1,13
17.9,13
3.5,13
3.6,13
5.0,13
27.5,13
2.6,13
18.3,13
16.7,13
3.6,13
1.8,13
4.2,13
2.9,13
4.4,13
34.3,13
12.6,13
7.5,13
0.9,13
19.8,13
0.5,13
15.5,13
18.4,13
3.7,13
0.7,13
11.6,13
4.5,13
8.2,13
0.6,13
4.8,13
15.9,13
3.7,13
3.1,13
50.4,13
0.5,13
2.2,13
2.4,13
17.0,13
28.0,13
5.5,13
26.0,13
0.5,13
191.7,13
1179.3,13
12.0,13
12.8,13
2.7,13
19.2,13
28.0,13
4.1,13
12.2,13
17.0,13
5.9,13
6.2,13
0.5,13
61.2,13
6.6,13
43.9,13
4.0,13
21.5,13
53.4,13
2.1,13
15.5,13
16.0,13
13.4,13
8.8,13
40.3,13
12.9,13
120.7,13
0.5,13
8.2,13
93.9,13
0.5,13
71.1,13
4.8,13
1.5,13
0.5,13
1.3,13
45.4,13
6.6,13
7.0,13
17.0,13
5.9,13
24.3,13
10.8,13
2.4,13
170.0,13
2.5,13
1.2,13
7.9,13
71.5,13
14.5,13
331.2,13
10.6,13
0.5,13
59.6,13
73.2,13
4.3,13
23.5,13
1.9,13
4.6,13
1.9,13
7.5,13
24.0,13
15.9,13
33.5,13
44.5,13
50.5,13
1.6,13
46.7,13
2.5,13
1.8,13
5.4,13
3.5,13
68.2,13
12.9,13
40.3,13
72.4,13
15.1,13
0.6,13
2.1,13
39.9,13
19.1,13
41.8,13
1.2,13
3.6,13
114.2,13
69.2,13
85.7,13
25.9,13
2.2,13
37.6,13
2.4,13
0.8,13
29.9,13
21.7,13
4.3,13
2.4,13
156.7,13
4.1,13
20.3,13
1.8,13
3.2,13
12.8,13
7.6,13
35.1,13
0.5,13
44.7,13
3.7,13
20.5,13
6.7,13
0.5,13
2.0,13
8.4,13
3.0,13
12.3,13
57.9,13
10.0,13
32.6,13
19.0,13
28.2,7
22.8,7
34.6,7
5.9,7
8.4,7
1.8,7
2.3,7
1.6,7
1.9,7
17.8,7
1.4,7
4.5,7
82.4,7
397.3,7
1.7,7
1.6,7
13.0,7
1.5,7
14.9,7
9.3,7
0.7,7
10.5,7
31.4,7
21.5,7
2.8,7
34.1,7
148.3,7
36.5,7
2.5,7
64.0,7
52.1,7
21.4,7
0.5,7
0.5,7
140.9,7
19.5,7
328.4,7
13.5,7
2.0,7
27.9,7
48.3,7
21.8,7
3.6,7
15.3,7
9.8,7
27.9,7
1.9,7
4.2,7
2.3,7
7.5,7
28.3,7
14.1,7
1.8,7
0.7,7
12.9,7
0.5,7
5.0,7
16.0,7
2.4,7
0.5,7
8.7,7
5.2,7
4.4,7
4.7,7
8.9,7
12.8,7
3.6,7
2.0,7
29.2,7
1.1,7
3.1,7
2.5,7
11.1,7
41.5,7
4.6,7
40.4,7
0.5,7
263.7,7
484.8,7
12.2,7
11.6,7
10.8,7
17.6,7
41.5,7
3.6,7
15.3,7
17.2,7
2.1,7
15.5,7
0.5,7
89.1,7
18.7,7
43.0,7
0.9,7
31.5,7
13.5,7
0.9,7
14.1,7
11.9,7
1.4,7
9.7,7
15.3,7
15.9,7
178.9,7
0.5,7
27.6,7
11.2,7
0.5,7
67.4,7
1.5,7
37.4,7
0.5,7
3.8,7
26.4,7
5.8,7
12.7,7
14.5,7
13.9,7
33.8,7
6.7,7
17.3,7
165.9,7
4.2,7
2.3,7
21.7,7
57.3,7
13.7,7
353.0,7
25.5,7
0.5,7
59.5,7
144.9,7
4.8,7
7.7,7
1.5,7
13.4,7
1.2,7
8.3,7
45.2,7
4.3,7
24.4,7
53.4,7
13.3,7
3.5,7
23.7,7
1.7,7
2.0,7
1.2,7
3.4,7
48.2,7
13.0,7
49.6,7
54.9,7
27.2,7
1.1,7
12.2,7
47.7,7
16.6,7
29.2,7
1.1,7
5.4,7
51.2,7
94.2,7
70.2,7
39.5,7
3.0,7
52.1,7
2.3,7
0.5,7
12.0,7
12.7,7
3.3,7
2.3,7
139.8,7
4.2,7
22.5,7
2.4,7
4.0,7
23.6,7
72.3,7
5.5,7
0.6,7
48.5,7
7.8,7
32.9,7
3.9,7
1.9,7
1.0,7
3.9,7
2.5,7
15.7,7
69.4,7
29.8,7
25.6,7
17.9,7
19.2,3
18.8,3
37.8,3
6.1,3
8.6,3
1.8,3
1.3,3
6.7,3
1.2,3
35.4,3
4.2,3
2.2,3
136.3,3
418.5,3
2.1,3
2.9,3
10.5,3
3.0,3
12.1,3
6.7,3
4.0,3
30.4,3
2.5,3
3.0,3
4.3,3
15.9,3
193.8,3
31.9,3
4.1,3
8.5,3
40.7,3
42.9,3
0.5,3
0.8,3
126.6,3
39.8,3
42.2,3
19.4,3
1.5,3
5.1,3
28.4,3
28.3,3
9.4,3
16.3,3
16.1,3
5.1,3
7.4,3
4.6,3
1.4,3
7.1,3
35.4,3
28.4,3
18.4,3
0.5,3
4.4,3
1.0,3
4.1,3
17.1,3
3.7,3
1.1,3
10.3,3
4.0,3
2.4,3
21.4,3
7.8,3
16.5,3
20.4,3
2.5,3
31.6,3
3.1,3
5.0,3
2.7,3
18.3,3
43.9,3
3.7,3
39.7,3
0.5,3
711.3,3
1160.2,3
45.1,3
19.1,3
1.4,3
17.2,3
43.9,3
2.6,3
15.8,3
14.5,3
1.3,3
9.9,3
0.7,3
68.2,3
1.7,3
11.3,3
1.8,3
36.4,3
5.5,3
1.3,3
17.4,3
25.7,3
4.9,3
6.4,3
199.8,3
4.4,3
63.5,3
1.0,3
23.8,3
11.9,3
1.9,3
57.8,3
2.7,3
78.8,3
0.5,3
0.5,3
39.2,3
0.5,3
18.0,3
15.5,3
8.7,3
15.0,3
8.4,3
29.4,3
183.0,3
7.9,3
2.6,3
42.4,3
116.6,3
14.3,3
114.2,3
31.7,3
1.4,3
54.1,3
132.0,3
3.0,3
4.6,3
1.9,3
4.4,3
5.9,3
8.1,3
17.6,3
7.5,3
13.3,3
134.6,3
30.1,3
2.3,3
32.5,3
4.1,3
2.2,3
2.2,3
3.0,3
25.3,3
9.9,3
61.1,3
15.8,3
69.7,3
1.0,3
7.9,3
17.0,3
27.8,3
28.1,3
0.5,3
13.2,3
16.7,3
120.2,3
85.1,3
5.5,3
4.1,3
43.1,3
2.5,3
2.3,3
17.5,3
28.3,3
13.3,3
3.2,3
39.4,3
3.6,3
28.7,3
2.6,3
4.7,3
36.1,3
88.9,3
6.8,3
1.9,3
115.3,3
16.4,3
64.5,3
2.9,3
2.1,3
3.5,3
2.7,3
5.0,3
52.9,3
385.0,3
13.5,3
28.3,3
32.2,3
17.2,1
19.6,1
19.6,1
7.3,1
7.8,1
0.8,1
1.1,1
6.4,1
1.0,1
1.4,1
10.5,1
3.6,1
98.1,1
319.2,1
1.6,1
4.7,1
2.1,1
3.2,1
11.4,1
5.7,1
2.9,1
12.3,1
3.2,1
5.0,1
2.4,1
25.5,1
52.7,1
31.2,1
6.9,1
14.9,1
125.9,1
38.1,1
0.5,1
0.8,1
125.4,1
26.1,1
55.9,1
21.2,1
2.2,1
23.2,1
9.9,1
14.3,1
4.3,1
17.0,1
3.0,1
23.2,1
2.5,1
5.1,1
1.4,1
8.3,1
31.9,1
14.9,1
15.7,1
0.7,1
6.2,1
0.5,1
2.7,1
51.2,1
3.2,1
0.5,1
5.9,1
2.8,1
51.7,1
54.6,1
1.0,1
22.0,1
27.1,1
2.2,1
10.8,1
1.4,1
7.3,1
3.0,1
9.8,1
14.8,1
0.6,1
19.5,1
0.5,1
279.9,1
327.1,1
27.1,1
12.1,1
0.8,1
10.3,1
14.8,1
10.0,1
30.3,1
14.1,1
4.6,1
4.3,1
0.5,1
47.4,1
1.6,1
14.2,1
0.8,1
22.9,1
17.9,1
1.3,1
13.8,1
1.5,1
2.2,1
1.5,1
19.0,1
10.8,1
19.1,1
0.7,1
18.7,1
24.2,1
0.5,1
43.5,1
1.5,1
1.0,1
0.5,1
1.0,1
14.6,1
3.0,1
16.2,1
19.1,1
7.4,1
21.2,1
7.3,1
32.9,1
107.0,1
1.2,1
4.3,1
3.1,1
153.4,1
29.2,1
171.2,1
33.8,1
0.5,1
27.1,1
37.0,1
1.3,1
16.7,1
0.7,1
4.0,1
12.9,1
6.0,1
133.3,1
4.7,1
13.8,1
76.7,1
53.8,1
9.1,1
20.0,1
2.0,1
1.2,1
1.2,1
5.7,1
23.8,1
0.9,1
49.0,1
49.3,1
46.8,1
4.2,1
3.6,1
14.8,1
2.4,1
13.1,1
0.9,1
4.3,1
26.2,1
60.0,1
82.9,1
20.1,1
4.0,1
44.5,1
3.7,1
0.5,1
1.2,1
40.3,1
3.0,1
0.8,1
33.2,1
4.8,1
39.8,1
2.7,1
2.0,1
31.0,1
43.5,1
12.9,1
4.6,1
27.3,1
9.6,1
101.3,1
1.9,1
3.5,1
2.3,1
6.8,1
5.9,1
27.2,1
74.9,1
14.7,1
27.5,1
26.6,1
8.3,0
20.4,0
18.0,0
0.9,0
8.0,0
3.7,0
3.7,0
5.4,0
0.6,0
0.7,0
4.8,0
2.5,0
35.9,0
384.6,0
6.0,0
1.5,0
4.4,0
3.5,0
4.9,0
4.7,0
4.7,0
1.1,0
8.2,0
7.5,0
2.4,0
10.2,0
160.9,0
28.1,0
3.7,0
26.8,0
37.9,0
36.0,0
0.5,0
12.9,0
123.1,0
9.6,0
196.4,0
2.9,0
5.1,0
2.9,0
19.4,0
9.5,0
1.5,0
7.0,0
1.1,0
2.9,0
0.8,0
4.8,0
1.2,0
2.9,0
16.4,0
14.4,0
11.5,0
1.1,0
7.5,0
0.5,0
6.4,0
30.0,0
3.4,0
0.6,0
3.1,0
4.4,0
41.9,0
43.1,0
1.4,0
5.4,0
15.5,0
1.5,0
4.0,0
3.1,0
28.9,0
3.6,0
4.3,0
7.6,0
2.4,0
2.1,0
1.9,0
125.9,0
508.6,0
68.4,0
42.7,0
11.8,0
4.5,0
7.6,0
9.4,0
13.7,0
5.0,0
2.3,0
7.9,0
0.5,0
38.6,0
3.7,0
16.2,0
0.6,0
3.1,0
19.0,0
1.2,0
11.2,0
2.6,0
1.1,0
2.3,0
6.5,0
6.5,0
68.3,0
2.0,0
60.6,0
23.4,0
2.4,0
77.8,0
1.4,0
5.5,0
0.5,0
0.6,0
11.5,0
7.0,0
18.9,0
24.4,0
6.1,0
89.7,0
7.4,0
31.5,0
92.6,0
0.9,0
1.0,0
12.8,0
138.1,0
10.6,0
8.4,0
36.4,0
0.5,0
45.5,0
14.3,0
2.0,0
9.2,0
0.8,0
6.6,0
3.0,0
6.6,0
53.2,0
1.9,0
9.0,0
93.0,0
12.0,0
3.0,0
23.3,0
2.2,0
3.0,0
2.5,0
2.0,0
1.7,0
1.9,0
49.2,0
52.8,0
2.7,0
3.7,0
8.4,0
18.4,0
0.8,0
2.7,0
0.6,0
3.0,0
3.4,0
101.3,0
76.9,0
5.5,0
2.0,0
39.7,0
4.3,0
0.5,0
1.5,0
2.0,0
9.1,0
0.5,0
25.0,0
4.4,0
2.4,0
2.7,0
1.8,0
20.6,0
60.6,0
16.6,0
4.1,0
3.4,0
2.2,0
140.6,0
11.2,0
0.8,0
1.2,0
11.0,0
2.2,0
20.2,0
56.3,0
31.8,0
17.5,0
20.7,0
15.1,2
11.1,2
19.2,2
1.0,2
8.2,2
2.6,2
11.1,2
10.9,2
0.7,2
4.6,2
6.2,2
6.1,2
82.7,2
417.9,2
6.7,2
0.9,2
5.5,2
1.1,2
10.4,2
17.8,2
3.7,2
3.9,2
5.7,2
2.8,2
1.5,2
12.4,2
102.9,2
25.9,2
2.8,2
54.4,2
24.1,2
12.1,2
0.5,2
10.7,2
57.6,2
9.5,2
240.3,2
4.1,2
3.0,2
9.1,2
18.9,2
22.5,2
4.3,2
14.1,2
47.3,2
9.1,2
0.9,2
9.5,2
3.9,2
3.8,2
18.1,2
79.5,2
2.6,2
0.5,2
10.7,2
0.5,2
6.4,2
38.0,2
4.9,2
0.8,2
4.2,2
5.6,2
59.9,2
2.4,2
7.4,2
3.7,2
13.5,2
2.9,2
0.8,2
2.5,2
45.9,2
3.8,2
6.9,2
10.5,2
1.4,2
20.2,2
0.8,2
58.7,2
1037.8,2
28.3,2
10.0,2
3.7,2
9.3,2
10.5,2
5.1,2
8.3,2
7.7,2
4.9,2
10.1,2
0.5,2
28.0,2
23.0,2
19.5,2
0.5,2
7.4,2
7.5,2
0.8,2
13.7,2
14.9,2
0.8,2
3.3,2
45.2,2
6.9,2
39.9,2
8.9,2
64.3,2
24.3,2
3.4,2
53.3,2
1.4,2
8.9,2
0.6,2
0.5,2
5.8,2
1.4,2
3.7,2
24.4,2
45.4,2
50.2,2
5.4,2
2.6,2
113.2,2
2.5,2
4.6,2
21.2,2
87.6,2
2.6,2
12.6,2
15.6,2
2.8,2
25.9,2
25.6,2
3.5,2
2.0,2
1.1,2
5.0,2
3.2,2
7.8,2
94.6,2
2.3,2
4.7,2
62.1,2
64.6,2
1.4,2
37.8,2
2.1,2
6.4,2
8.5,2
3.4,2
0.8,2
5.8,2
43.1,2
85.1,2
9.8,2
3.8,2
6.0,2
18.6,2
10.7,2
10.2,2
0.8,2
5.5,2
22.7,2
38.5,2
60.0,2
29.0,2
13.8,2
37.0,2
4.0,2
0.5,2
10.6,2
8.5,2
9.5,2
1.0,2
32.9,2
6.8,2
6.2,2
4.8,2
1.7,2
26.5,2
34.4,2
13.4,2
3.7,2
28.2,2
0.6,2
87.0,2
2.1,2
2.3,2
8.2,2
25.9,2
4.9,2
50.8,2
97.2,2
41.0,2
47.1,2
182.2,2
